-- phpMyAdmin SQL Dump
-- version 4.6.5.2
-- https://www.phpmyadmin.net/
--
-- Host: 127.0.0.1
-- Generation Time: May 22, 2017 at 10:18 AM
-- Server version: 10.1.21-MariaDB
-- PHP Version: 5.6.30

SET SQL_MODE = "NO_AUTO_VALUE_ON_ZERO";
SET time_zone = "+00:00";


/*!40101 SET @OLD_CHARACTER_SET_CLIENT=@@CHARACTER_SET_CLIENT */;
/*!40101 SET @OLD_CHARACTER_SET_RESULTS=@@CHARACTER_SET_RESULTS */;
/*!40101 SET @OLD_COLLATION_CONNECTION=@@COLLATION_CONNECTION */;
/*!40101 SET NAMES utf8mb4 */;

--
-- Database: `iplgoogly`
--
CREATE DATABASE IF NOT EXISTS `iplgoogly` DEFAULT CHARACTER SET latin1 COLLATE latin1_swedish_ci;
USE `iplgoogly`;

-- --------------------------------------------------------

--
-- Table structure for table `amount`
--

CREATE TABLE `amount` (
  `userid` int(11) NOT NULL,
  `week` int(11) NOT NULL,
  `amount` int(11) DEFAULT NULL,
  `pstatus` tinyint(1) DEFAULT NULL COMMENT '0unpaid 1paid 2NA'
) ENGINE=InnoDB DEFAULT CHARSET=latin1;

--
-- Dumping data for table `amount`
--

INSERT INTO `amount` (`userid`, `week`, `amount`, `pstatus`) VALUES
(80, 1, 50, 0),
(80, 2, 50, 0),
(80, 3, 50, 0),
(80, 4, 0, 2),
(80, 5, 50, 0),
(80, 6, 0, 2),
(80, 7, 0, 2),
(82, 1, 25, 0),
(82, 2, 0, 2),
(82, 3, 0, 2),
(82, 4, 50, 0),
(82, 5, 0, 2),
(82, 6, 50, 0),
(82, 7, 0, 2),
(83, 1, 25, 0),
(83, 2, 50, 0),
(83, 3, 0, 2),
(83, 4, 50, 0),
(83, 5, 25, 0),
(83, 6, 50, 0),
(83, 7, 0, 2),
(84, 1, 0, 2),
(84, 2, 50, 0),
(84, 3, 0, 2),
(84, 4, 50, 0),
(84, 5, 0, 2),
(84, 6, 25, 0),
(84, 7, 25, 0),
(85, 1, 50, 0),
(85, 2, 50, 0),
(85, 3, 50, 0),
(85, 4, 50, 0),
(85, 5, 25, 0),
(85, 6, 0, 2),
(85, 7, 0, 2),
(86, 1, 0, 2),
(86, 2, 0, 2),
(86, 3, 50, 0),
(86, 4, 50, 0),
(86, 5, 0, 2),
(86, 6, 25, 0),
(86, 7, 0, 2),
(87, 1, 0, 2),
(87, 2, 0, 2),
(87, 3, 50, 0),
(87, 4, 25, 0),
(87, 5, 25, 0),
(87, 6, 25, 0),
(87, 7, 25, 0),
(88, 1, 50, 0),
(88, 2, 0, 2),
(88, 3, 0, 2),
(88, 4, 0, 2),
(88, 5, 50, 0),
(88, 6, 25, 0),
(88, 7, 50, 0),
(89, 1, 0, 2),
(89, 2, 25, 0),
(89, 3, 50, 0),
(89, 4, 50, 0),
(89, 5, 50, 0),
(89, 6, 50, 0),
(89, 7, 25, 0),
(90, 1, 0, 2),
(90, 2, 25, 0),
(90, 3, 0, 2),
(90, 4, 25, 0),
(90, 5, 50, 0),
(90, 6, 50, 0),
(90, 7, 50, 0),
(91, 1, 25, 0),
(91, 2, 0, 2),
(91, 3, 25, 0),
(91, 4, 0, 2),
(91, 5, 25, 0),
(91, 6, 0, 2),
(91, 7, 25, 0),
(92, 1, 0, 2),
(92, 2, 25, 0),
(92, 3, 25, 0),
(92, 4, 0, 2),
(92, 5, 25, 0),
(92, 6, 50, 0),
(92, 7, 50, 0),
(93, 1, 50, 0),
(93, 2, 0, 2),
(93, 3, 0, 2),
(93, 4, 0, 2),
(93, 5, 0, 2),
(93, 6, 0, 2),
(93, 7, 50, 0),
(94, 1, 50, 0),
(94, 2, 25, 0),
(94, 3, 25, 0),
(94, 4, 50, 0),
(94, 5, 25, 0),
(94, 6, 25, 0),
(94, 7, 0, 2),
(95, 1, 25, 0),
(95, 2, 25, 0),
(95, 3, 50, 0),
(95, 4, 25, 0),
(95, 5, 50, 0),
(95, 6, 50, 0),
(95, 7, 25, 0),
(96, 1, 0, 2),
(96, 2, 50, 0),
(96, 3, 25, 0),
(96, 4, 0, 2),
(96, 5, 0, 2),
(96, 6, 50, 0),
(96, 7, 25, 0),
(97, 1, 0, 2),
(97, 2, 50, 0),
(97, 3, 0, 2),
(97, 4, 25, 0),
(97, 5, 50, 0),
(97, 6, 25, 0),
(97, 7, 50, 0),
(99, 1, 25, 0),
(99, 2, 25, 0),
(99, 3, 0, 2),
(99, 4, 25, 0),
(99, 5, 0, 2),
(99, 6, 25, 0),
(99, 7, 0, 2),
(100, 1, 0, 2),
(100, 2, 50, 0),
(100, 3, 50, 0),
(100, 4, 25, 0),
(100, 5, 50, 0),
(100, 6, 0, 2),
(100, 7, 50, 0),
(101, 1, 25, 0),
(101, 2, 25, 0),
(101, 3, 0, 2),
(101, 4, 25, 0),
(101, 5, 0, 2),
(101, 6, 50, 0),
(101, 7, 50, 0),
(102, 1, 50, 0),
(102, 2, 0, 2),
(102, 3, 25, 0),
(102, 4, 50, 0),
(102, 5, 25, 0),
(102, 6, 25, 0),
(102, 7, 0, 2),
(103, 1, 50, 0),
(103, 2, 25, 0),
(103, 3, 25, 0),
(103, 4, 25, 0),
(103, 5, 50, 0),
(103, 6, 0, 2),
(103, 7, 25, 0),
(104, 1, 50, 0),
(104, 2, 50, 0),
(104, 3, 25, 0),
(104, 4, 0, 2),
(104, 5, 25, 0),
(104, 6, 25, 0),
(104, 7, 25, 0),
(105, 1, 50, 0),
(105, 2, 0, 2),
(105, 3, 25, 0),
(105, 4, 25, 0),
(105, 5, 50, 0),
(105, 6, 0, 2),
(105, 7, 25, 0),
(106, 1, 25, 0),
(106, 2, 25, 0),
(106, 3, 25, 0),
(106, 4, 50, 0),
(106, 5, 25, 0),
(106, 6, 0, 2),
(106, 7, 25, 0),
(107, 1, 25, 0),
(107, 2, 25, 0),
(107, 3, 50, 0),
(107, 4, 0, 2),
(107, 5, 25, 0),
(107, 6, 25, 0),
(107, 7, 0, 2),
(108, 1, 50, 0),
(108, 2, 50, 0),
(108, 3, 25, 0),
(108, 4, 50, 0),
(108, 5, 0, 2),
(108, 6, 50, 0),
(108, 7, 50, 0),
(109, 1, 25, 0),
(109, 2, 50, 0),
(109, 3, 50, 0),
(109, 4, 25, 0),
(109, 5, 50, 0),
(109, 6, 50, 0),
(109, 7, 50, 0),
(110, 1, 25, 0),
(110, 2, 0, 2),
(110, 3, 50, 0),
(110, 4, 0, 2),
(110, 5, 0, 2),
(110, 6, 0, 2),
(110, 7, 50, 0);

-- --------------------------------------------------------

--
-- Table structure for table `matches`
--

CREATE TABLE `matches` (
  `id` int(11) NOT NULL,
  `team1` int(11) NOT NULL,
  `team2` int(11) NOT NULL,
  `matchdate` date NOT NULL,
  `stadium` int(11) NOT NULL,
  `daynight` tinyint(11) NOT NULL COMMENT '1D 2DN 3N',
  `visible` tinyint(1) NOT NULL COMMENT '1 Visible',
  `week` tinyint(11) NOT NULL,
  `question` varchar(255) NOT NULL,
  `jackpot` tinyint(1) NOT NULL
) ENGINE=InnoDB DEFAULT CHARSET=latin1;

--
-- Dumping data for table `matches`
--

INSERT INTO `matches` (`id`, `team1`, `team2`, `matchdate`, `stadium`, `daynight`, `visible`, `week`, `question`, `jackpot`) VALUES
(1, 7, 5, '2017-04-05', 4, 3, 0, 1, 'Will the Wicketkeeper score 30 or more runs?', 0),
(2, 8, 2, '2017-04-06', 3, 3, 0, 1, 'Will the team winning the toss go on to win the match?', 0),
(3, 3, 4, '2017-04-07', 6, 3, 0, 1, 'Will the opening bowler concede more than 25 runs in his allotted overs?', 0),
(4, 6, 8, '2017-04-08', 12, 2, 0, 1, 'Will the 1 down batsman score less than 20 runs?', 0),
(5, 5, 1, '2017-04-08', 9, 3, 0, 1, 'Will the target score be 170 or more?', 0),
(6, 7, 3, '2017-04-09', 4, 2, 0, 1, 'Will any opener score 35 or more runs?', 0),
(7, 2, 4, '2017-04-09', 1, 3, 0, 1, 'Will the aggregate runs scored be 300 or more?', 0),
(8, 6, 5, '2017-04-10', 12, 3, 0, 1, 'Will the team batting first score more runs in Powerplay than the other?', 1),
(9, 8, 1, '2017-04-11', 3, 3, 0, 1, 'Will any batsmen hit 3 or more sixes?', 0),
(10, 2, 7, '2017-04-12', 1, 3, 0, 2, 'Will 4 or more batsmen score 30 or more runs in the entire match?', 0),
(11, 4, 6, '2017-04-13', 8, 3, 0, 2, 'Will the aggregate runs scored by both team be 300 or more?', 0),
(12, 5, 2, '2017-04-14', 9, 2, 0, 2, 'Will any bowler take 3 or more wickets?', 0),
(13, 3, 8, '2017-04-14', 6, 3, 0, 2, 'Will any team lose 7 or more wickets?', 0),
(14, 4, 7, '2017-04-15', 8, 2, 0, 2, 'Will the aggregate score of first 3 batsmen of either team be 60 or more?', 0),
(15, 1, 6, '2017-04-15', 2, 3, 0, 2, 'Will any bowler concede 2 or more sixes?', 0),
(16, 2, 3, '2017-04-16', 1, 2, 0, 2, 'Will the target score be 170 or more?', 0),
(17, 5, 8, '2017-04-16', 9, 3, 0, 2, 'Will the home team win the match?', 0),
(18, 1, 4, '2017-04-17', 2, 2, 0, 2, 'Will the Wicketkeeper score 30 or more runs?', 0),
(19, 7, 6, '2017-04-17', 4, 3, 0, 2, 'Will there be 10 or more runs scored as extras in entire match?', 1),
(20, 3, 5, '2017-04-18', 6, 3, 0, 2, 'Will there be an LBW in the entire match?', 0),
(21, 7, 1, '2017-04-19', 4, 3, 0, 3, 'Will the team batting first score more runs in Powerplay than the other?', 0),
(22, 6, 2, '2017-04-20', 12, 3, 0, 3, 'Will any team be all out?', 0),
(23, 4, 3, '2017-04-21', 8, 3, 0, 3, 'Will any bowler take 3 or more wickets?', 0),
(24, 8, 7, '2017-04-22', 3, 2, 0, 3, 'Will the aggregate runs scored by both team be 300 or more?', 0),
(25, 2, 1, '2017-04-22', 1, 3, 0, 3, 'Will the team batting first score more runs in Powerplay than the other?', 0),
(26, 3, 6, '2017-04-23', 6, 2, 0, 3, 'Will there be any free hit available in entire match?', 0),
(27, 4, 5, '2017-04-23', 8, 3, 0, 3, 'Will any bowler get wicket(s) in his first over?', 0),
(28, 2, 8, '2017-04-24', 1, 3, 0, 3, 'Will 2 or more wickets fall in same over in entire match?', 1),
(29, 5, 7, '2017-04-25', 9, 3, 0, 3, 'Will the Captain score 40+ runs?', 0),
(30, 8, 4, '2017-04-26', 3, 3, 0, 4, 'Will any 1 down batsman score 50 or more?', 0),
(31, 5, 3, '2017-04-27', 9, 3, 0, 4, 'Will the aggregate runs scored by both the teams be 350 or more?', 0),
(32, 4, 1, '2017-04-28', 8, 2, 0, 4, 'Will any batsmen hit 10 or more boundaries (4s or 6s)?', 0),
(33, 6, 7, '2017-04-28', 5, 3, 0, 4, 'Will the team winning the toss go on to win the match?', 0),
(34, 8, 5, '2017-04-29', 3, 2, 0, 4, 'Will any bowler concede 2 or more sixes?', 0),
(35, 3, 2, '2017-04-29', 6, 3, 0, 4, 'Will there be any free hit available in entire match?', 0),
(36, 6, 1, '2017-04-30', 5, 2, 0, 4, 'Will any team score 50 runs within the first 5 overs (30 balls or less)?', 0),
(37, 7, 4, '2017-04-30', 4, 3, 0, 4, 'Will any captain score 50 or more runs?', 0),
(38, 2, 5, '2017-05-01', 1, 2, 0, 4, 'Will any bowler take 3 or more wickets?', 0),
(39, 8, 3, '2017-05-01', 3, 3, 0, 4, 'Will any batsman score 50 or more runs at a strike rate of 150 or more?', 1),
(40, 1, 7, '2017-05-02', 2, 3, 0, 4, 'Will the sum of runs scored by both teams in powerplay be 90 or more?', 0),
(41, 4, 8, '2017-05-03', 8, 3, 0, 5, 'Will any wicketkeeper score 35 or more runs?', 0),
(42, 1, 3, '2017-05-04', 2, 3, 0, 5, 'Will any team score 90 or more runs in their first 10 overs?', 0),
(43, 5, 6, '2017-05-05', 9, 3, 0, 5, 'Will any team be all out?', 0),
(44, 7, 8, '2017-05-06', 4, 2, 0, 5, 'Will the home team win the match?', 0),
(45, 1, 2, '2017-05-06', 2, 3, 0, 5, 'Will there be any caught & bowled in the entire match?', 0),
(46, 5, 4, '2017-05-07', 9, 2, 0, 5, 'Will any opening bowler concede more than 25 runs in his allotted overs?', 0),
(47, 6, 3, '2017-05-07', 5, 3, 0, 5, 'Will any team lose 7 or more wickets?', 0),
(48, 7, 2, '2017-05-08', 4, 3, 0, 5, 'Will any team score 60 or more runs in their Powerplay?', 1),
(49, 6, 4, '2017-05-09', 5, 3, 0, 5, 'Will there be any stumpings in the entire match?', 0),
(64, 3, 1, '2017-05-10', 11, 3, 0, 6, 'Will there be any direct hit run out(s) in the entire match?', 0),
(65, 2, 6, '2017-05-11', 1, 3, 0, 6, 'Will any batsmen hit 3 or more sixes?', 0),
(66, 1, 8, '2017-05-12', 2, 3, 0, 6, 'Will there be 15 or more runs scored as extras in entire match?', 0),
(67, 3, 7, '2017-05-13', 11, 2, 0, 6, 'Will any batsman score 75 or more runs?', 0),
(68, 4, 2, '2017-05-13', 8, 3, 0, 6, 'Will any bowler take 3 or more wickets?', 0),
(69, 8, 6, '2017-05-14', 3, 2, 0, 6, 'Will any team lose 3 or more wickets in their powerplay?', 1),
(70, 1, 5, '2017-05-14', 2, 3, 0, 6, 'Will the aggregate score of first 3 batsmen of any team be 100 or more?', 0),
(71, 2, 8, '2017-05-16', 1, 3, 0, 7, 'Will any bowler who bowls his entire quota of 4 overs have an economy rate of 7.5 or less?', 0),
(72, 7, 4, '2017-05-17', 9, 3, 0, 7, 'Will any batsman score 50 or more runs at a strike rate of 150 or more ? (SR calculated at the end of the innings)', 1),
(73, 2, 4, '2017-05-19', 9, 3, 0, 8, 'Will there be 2 or more runouts in the entire match?', 0),
(74, 8, 2, '2017-05-21', 4, 3, 0, 8, 'Will any wicketkeeper score 42 or more runs?', 1),
(75, 8, 4, '2017-05-21', 4, 3, 0, 8, 'Will any wicketkeeper be involved in 3 or more dismissals in an inning (caught, runout or stumpings)?', 1);

-- --------------------------------------------------------

--
-- Table structure for table `predictions`
--

CREATE TABLE `predictions` (
  `userid` int(11) NOT NULL,
  `matchid` int(11) NOT NULL,
  `teamid` int(11) NOT NULL,
  `answer` tinyint(4) NOT NULL COMMENT '1Y 2N 3S',
  `dtcreated` timestamp NOT NULL DEFAULT CURRENT_TIMESTAMP
) ENGINE=InnoDB DEFAULT CHARSET=latin1;

--
-- Dumping data for table `predictions`
--

INSERT INTO `predictions` (`userid`, `matchid`, `teamid`, `answer`, `dtcreated`) VALUES
(80, 1, 5, 3, '2017-04-03 14:50:29'),
(80, 2, 8, 3, '2017-04-03 14:50:29'),
(80, 3, 3, 1, '2017-04-03 14:50:29'),
(80, 4, 8, 2, '2017-04-03 14:50:29'),
(80, 5, 5, 2, '2017-04-03 14:50:29'),
(80, 6, 3, 1, '2017-04-03 14:50:29'),
(80, 7, 4, 2, '2017-04-03 14:50:29'),
(80, 8, 5, 1, '2017-04-03 14:50:29'),
(80, 9, 8, 1, '2017-04-03 14:50:29'),
(80, 10, 7, 1, '2017-04-07 12:59:40'),
(80, 11, 6, 1, '2017-04-07 12:59:40'),
(80, 12, 5, 1, '2017-04-07 12:59:40'),
(80, 13, 8, 2, '2017-04-07 12:59:40'),
(80, 14, 4, 1, '2017-04-07 12:59:40'),
(80, 15, 6, 1, '2017-04-07 12:59:40'),
(80, 16, 2, 2, '2017-04-07 12:59:40'),
(80, 17, 5, 1, '2017-04-07 12:59:40'),
(80, 18, 4, 3, '2017-04-07 12:59:40'),
(80, 19, 6, 1, '2017-04-07 12:59:40'),
(80, 20, 5, 2, '2017-04-07 12:59:40'),
(80, 21, 7, 1, '2017-04-17 07:18:19'),
(80, 22, 2, 2, '2017-04-17 07:18:19'),
(80, 23, 4, 1, '2017-04-17 07:18:19'),
(80, 24, 8, 1, '2017-04-17 07:18:19'),
(80, 25, 2, 2, '2017-04-17 07:18:19'),
(80, 26, 3, 1, '2017-04-17 07:18:19'),
(80, 27, 4, 2, '2017-04-17 07:18:19'),
(80, 28, 2, 2, '2017-04-17 07:18:19'),
(80, 29, 7, 1, '2017-04-17 07:18:19'),
(80, 30, 4, 1, '2017-04-20 08:48:44'),
(80, 31, 5, 1, '2017-04-20 08:48:44'),
(80, 32, 4, 1, '2017-04-20 08:48:44'),
(80, 33, 7, 1, '2017-04-20 08:48:44'),
(80, 34, 5, 1, '2017-04-20 08:48:44'),
(80, 35, 2, 2, '2017-04-20 08:48:44'),
(80, 36, 1, 1, '2017-04-20 08:48:44'),
(80, 37, 7, 1, '2017-04-20 08:48:44'),
(80, 38, 2, 2, '2017-04-20 08:48:44'),
(80, 39, 8, 1, '2017-04-20 08:48:44'),
(80, 40, 1, 1, '2017-04-20 08:48:44'),
(80, 41, 4, 1, '2017-05-03 07:29:42'),
(80, 42, 1, 2, '2017-05-03 07:29:42'),
(80, 43, 6, 2, '2017-05-03 07:29:42'),
(80, 44, 7, 1, '2017-05-03 07:29:42'),
(80, 45, 1, 2, '2017-05-03 07:29:42'),
(80, 46, 4, 1, '2017-05-03 07:29:42'),
(80, 47, 6, 2, '2017-05-03 07:29:42'),
(80, 48, 2, 1, '2017-05-03 07:29:42'),
(80, 49, 4, 2, '2017-05-03 07:29:42'),
(80, 64, 1, 2, '2017-05-10 08:02:14'),
(80, 65, 2, 1, '2017-05-10 08:02:14'),
(80, 66, 1, 1, '2017-05-10 08:02:14'),
(80, 67, 7, 1, '2017-05-10 08:02:14'),
(80, 68, 4, 1, '2017-05-10 08:02:14'),
(80, 69, 6, 1, '2017-05-10 08:02:14'),
(80, 70, 1, 1, '2017-05-10 08:02:14'),
(80, 71, 8, 1, '2017-05-15 07:35:00'),
(80, 72, 7, 1, '2017-05-15 07:35:00'),
(80, 73, 4, 1, '2017-05-18 11:27:49'),
(80, 74, 8, 1, '2017-05-18 11:27:49'),
(80, 75, 8, 2, '2017-05-18 11:27:49'),
(82, 1, 7, 2, '2017-04-03 04:51:47'),
(82, 2, 2, 3, '2017-04-03 04:51:47'),
(82, 3, 3, 1, '2017-04-03 04:51:47'),
(82, 4, 8, 2, '2017-04-03 04:51:47'),
(82, 5, 5, 2, '2017-04-03 04:51:47'),
(82, 6, 7, 1, '2017-04-03 04:51:47'),
(82, 7, 2, 1, '2017-04-03 04:51:47'),
(82, 8, 6, 2, '2017-04-03 04:51:47'),
(82, 9, 8, 2, '2017-04-03 04:51:47'),
(82, 10, 2, 1, '2017-04-10 05:51:26'),
(82, 11, 6, 1, '2017-04-10 05:51:26'),
(82, 12, 2, 1, '2017-04-10 05:51:26'),
(82, 13, 8, 1, '2017-04-10 05:51:26'),
(82, 14, 7, 1, '2017-04-10 05:51:26'),
(82, 15, 6, 1, '2017-04-10 05:51:26'),
(82, 16, 2, 1, '2017-04-10 05:51:26'),
(82, 17, 5, 3, '2017-04-10 05:51:26'),
(82, 18, 4, 2, '2017-04-10 05:51:26'),
(82, 19, 7, 1, '2017-04-10 05:51:26'),
(82, 20, 3, 1, '2017-04-10 05:51:26'),
(82, 21, 7, 1, '2017-04-17 05:45:39'),
(82, 22, 2, 2, '2017-04-17 05:45:39'),
(82, 23, 4, 1, '2017-04-17 05:45:39'),
(82, 24, 7, 1, '2017-04-17 05:45:39'),
(82, 25, 2, 1, '2017-04-17 05:45:39'),
(82, 26, 3, 1, '2017-04-17 05:45:39'),
(82, 27, 4, 1, '2017-04-17 05:45:39'),
(82, 28, 2, 1, '2017-04-17 05:45:39'),
(82, 29, 5, 1, '2017-04-17 05:45:39'),
(82, 30, 4, 2, '2017-04-24 08:13:26'),
(82, 31, 5, 2, '2017-04-24 08:13:26'),
(82, 32, 4, 2, '2017-04-24 08:13:26'),
(82, 33, 6, 3, '2017-04-24 08:13:26'),
(82, 34, 5, 1, '2017-04-24 08:13:26'),
(82, 35, 2, 2, '2017-04-24 08:13:26'),
(82, 36, 1, 2, '2017-04-24 08:13:26'),
(82, 37, 7, 2, '2017-04-24 08:13:26'),
(82, 38, 2, 1, '2017-04-24 08:13:26'),
(82, 39, 8, 2, '2017-04-24 08:13:26'),
(82, 40, 1, 1, '2017-04-24 08:13:26'),
(82, 41, 4, 1, '2017-05-02 08:07:00'),
(82, 42, 1, 1, '2017-05-02 08:07:00'),
(82, 43, 5, 2, '2017-05-02 08:07:00'),
(82, 44, 7, 3, '2017-05-02 08:07:00'),
(82, 45, 2, 2, '2017-05-02 08:07:00'),
(82, 46, 4, 1, '2017-05-02 08:07:00'),
(82, 47, 6, 1, '2017-05-02 08:07:00'),
(82, 48, 2, 2, '2017-05-02 08:07:00'),
(82, 49, 6, 2, '2017-05-02 08:07:00'),
(82, 64, 3, 2, '2017-05-08 11:39:08'),
(82, 65, 2, 1, '2017-05-08 11:39:08'),
(82, 66, 8, 2, '2017-05-08 11:39:08'),
(82, 67, 7, 2, '2017-05-08 11:39:08'),
(82, 68, 2, 1, '2017-05-08 11:39:08'),
(82, 69, 8, 2, '2017-05-08 11:39:08'),
(82, 70, 5, 1, '2017-05-08 11:39:08'),
(82, 71, 2, 1, '2017-05-16 04:15:07'),
(82, 72, 4, 1, '2017-05-16 04:15:07'),
(82, 73, 2, 2, '2017-05-18 09:39:22'),
(82, 74, 2, 2, '2017-05-18 09:39:22'),
(82, 75, 8, 2, '2017-05-18 09:39:22'),
(83, 1, 7, 2, '2017-04-03 12:59:16'),
(83, 2, 2, 3, '2017-04-03 12:59:16'),
(83, 3, 3, 1, '2017-04-03 12:59:16'),
(83, 4, 8, 2, '2017-04-03 12:59:16'),
(83, 5, 5, 3, '2017-04-03 12:59:16'),
(83, 6, 7, 1, '2017-04-03 12:59:16'),
(83, 7, 2, 1, '2017-04-03 12:59:16'),
(83, 8, 5, 3, '2017-04-03 12:59:16'),
(83, 9, 8, 1, '2017-04-03 12:59:16'),
(83, 10, 7, 1, '2017-04-10 14:02:46'),
(83, 11, 6, 1, '2017-04-10 14:02:46'),
(83, 12, 2, 3, '2017-04-10 14:02:46'),
(83, 13, 8, 3, '2017-04-10 14:02:46'),
(83, 14, 7, 1, '2017-04-10 14:02:46'),
(83, 15, 6, 1, '2017-04-10 14:02:46'),
(83, 16, 2, 3, '2017-04-10 14:02:46'),
(83, 17, 5, 1, '2017-04-10 14:02:46'),
(83, 18, 1, 3, '2017-04-10 14:02:46'),
(83, 19, 7, 2, '2017-04-10 14:02:46'),
(83, 20, 5, 1, '2017-04-10 14:02:46'),
(83, 21, 7, 3, '2017-04-17 08:09:25'),
(83, 22, 2, 2, '2017-04-17 08:09:25'),
(83, 23, 4, 3, '2017-04-17 08:09:25'),
(83, 24, 8, 1, '2017-04-17 08:09:25'),
(83, 25, 2, 3, '2017-04-17 08:09:25'),
(83, 26, 3, 2, '2017-04-17 08:09:25'),
(83, 27, 4, 2, '2017-04-17 08:09:25'),
(83, 28, 2, 1, '2017-04-17 08:09:25'),
(83, 29, 5, 1, '2017-04-17 08:09:25'),
(83, 30, 4, 2, '2017-04-25 04:56:05'),
(83, 31, 3, 2, '2017-04-25 04:56:05'),
(83, 32, 4, 2, '2017-04-25 04:56:05'),
(83, 33, 6, 2, '2017-04-25 04:56:05'),
(83, 34, 8, 1, '2017-04-25 04:56:05'),
(83, 35, 2, 2, '2017-04-25 04:56:05'),
(83, 36, 1, 3, '2017-04-25 04:56:05'),
(83, 37, 7, 2, '2017-04-25 04:56:05'),
(83, 38, 2, 2, '2017-04-25 04:56:05'),
(83, 39, 3, 2, '2017-04-25 04:56:05'),
(83, 40, 1, 1, '2017-04-25 04:56:05'),
(83, 41, 4, 1, '2017-05-03 04:54:47'),
(83, 42, 1, 1, '2017-05-03 04:54:47'),
(83, 43, 6, 2, '2017-05-03 04:54:47'),
(83, 44, 7, 1, '2017-05-03 04:54:47'),
(83, 45, 2, 2, '2017-05-03 04:54:47'),
(83, 46, 4, 1, '2017-05-03 04:54:47'),
(83, 47, 6, 1, '2017-05-03 04:54:47'),
(83, 48, 7, 3, '2017-05-03 04:54:47'),
(83, 49, 4, 1, '2017-05-03 04:54:47'),
(83, 64, 3, 2, '2017-05-09 09:46:58'),
(83, 65, 2, 1, '2017-05-09 09:46:58'),
(83, 66, 8, 3, '2017-05-09 09:46:58'),
(83, 67, 7, 3, '2017-05-09 09:46:58'),
(83, 68, 4, 1, '2017-05-09 09:46:58'),
(83, 69, 8, 2, '2017-05-09 09:46:58'),
(83, 70, 5, 3, '2017-05-09 09:46:58'),
(83, 71, 2, 1, '2017-05-16 04:26:43'),
(83, 72, 4, 1, '2017-05-16 04:26:43'),
(83, 73, 4, 2, '2017-05-18 09:42:02'),
(83, 74, 8, 1, '2017-05-18 09:42:02'),
(83, 75, 4, 1, '2017-05-18 09:42:02'),
(84, 1, 7, 1, '2017-04-03 08:51:06'),
(84, 2, 8, 1, '2017-04-03 08:51:06'),
(84, 3, 4, 1, '2017-04-03 08:51:06'),
(84, 4, 8, 1, '2017-04-03 08:51:06'),
(84, 5, 5, 3, '2017-04-03 08:51:06'),
(84, 6, 7, 1, '2017-04-03 08:51:06'),
(84, 7, 4, 3, '2017-04-03 08:51:06'),
(84, 8, 5, 2, '2017-04-03 08:51:06'),
(84, 9, 8, 2, '2017-04-03 08:51:06'),
(84, 10, 2, 3, '2017-04-11 06:27:48'),
(84, 11, 4, 1, '2017-04-11 06:27:48'),
(84, 12, 5, 2, '2017-04-11 06:27:48'),
(84, 13, 8, 2, '2017-04-11 06:27:48'),
(84, 14, 4, 1, '2017-04-11 06:27:48'),
(84, 15, 6, 1, '2017-04-11 06:27:48'),
(84, 16, 2, 2, '2017-04-11 06:27:48'),
(84, 17, 5, 1, '2017-04-11 06:27:48'),
(84, 18, 1, 3, '2017-04-11 06:27:48'),
(84, 19, 7, 3, '2017-04-11 06:27:48'),
(84, 20, 3, 1, '2017-04-11 06:27:48'),
(84, 21, 7, 2, '2017-04-18 05:01:48'),
(84, 22, 2, 2, '2017-04-18 05:01:48'),
(84, 23, 4, 2, '2017-04-18 05:01:48'),
(84, 24, 8, 1, '2017-04-18 05:01:48'),
(84, 25, 2, 2, '2017-04-18 05:01:48'),
(84, 26, 3, 2, '2017-04-18 05:01:48'),
(84, 27, 4, 1, '2017-04-18 05:01:48'),
(84, 28, 2, 1, '2017-04-18 05:01:48'),
(84, 29, 7, 1, '2017-04-18 05:01:48'),
(84, 30, 8, 3, '2017-04-25 05:19:06'),
(84, 31, 5, 2, '2017-04-25 05:19:06'),
(84, 32, 4, 2, '2017-04-25 05:19:06'),
(84, 33, 6, 3, '2017-04-25 05:19:06'),
(84, 34, 8, 1, '2017-04-25 05:19:06'),
(84, 35, 3, 2, '2017-04-25 05:19:06'),
(84, 36, 6, 2, '2017-04-25 05:19:06'),
(84, 37, 7, 2, '2017-04-25 05:19:06'),
(84, 38, 5, 1, '2017-04-25 05:19:06'),
(84, 39, 8, 2, '2017-04-25 05:19:06'),
(84, 40, 7, 2, '2017-04-25 05:19:06'),
(84, 41, 4, 1, '2017-05-03 09:09:14'),
(84, 42, 3, 1, '2017-05-03 09:09:14'),
(84, 43, 6, 2, '2017-05-03 09:09:14'),
(84, 44, 8, 1, '2017-05-03 09:09:14'),
(84, 45, 2, 2, '2017-05-03 09:09:14'),
(84, 46, 4, 1, '2017-05-03 09:09:14'),
(84, 47, 6, 1, '2017-05-03 09:09:14'),
(84, 48, 7, 2, '2017-05-03 09:09:14'),
(84, 49, 6, 2, '2017-05-03 09:09:14'),
(84, 64, 3, 2, '2017-05-10 04:56:14'),
(84, 65, 6, 1, '2017-05-10 04:56:14'),
(84, 66, 8, 1, '2017-05-10 04:56:14'),
(84, 67, 7, 2, '2017-05-10 04:56:14'),
(84, 68, 4, 2, '2017-05-10 04:56:14'),
(84, 69, 8, 2, '2017-05-10 04:56:14'),
(84, 70, 1, 1, '2017-05-10 04:56:14'),
(84, 71, 8, 1, '2017-05-15 09:24:57'),
(84, 72, 7, 1, '2017-05-15 09:24:57'),
(84, 73, 4, 2, '2017-05-18 09:50:29'),
(84, 74, 8, 2, '2017-05-18 09:50:29'),
(84, 75, 4, 2, '2017-05-18 09:50:29'),
(85, 1, 7, 1, '2017-04-04 05:39:28'),
(85, 2, 2, 1, '2017-04-04 05:39:28'),
(85, 3, 3, 3, '2017-04-04 05:39:28'),
(85, 4, 8, 2, '2017-04-04 05:39:28'),
(85, 5, 5, 3, '2017-04-04 05:39:28'),
(85, 6, 7, 1, '2017-04-04 05:39:28'),
(85, 7, 2, 2, '2017-04-04 05:39:28'),
(85, 8, 5, 3, '2017-04-04 05:39:28'),
(85, 9, 8, 1, '2017-04-04 05:39:28'),
(85, 10, 7, 1, '2017-04-10 05:20:45'),
(85, 11, 6, 3, '2017-04-10 05:20:45'),
(85, 12, 5, 2, '2017-04-10 05:20:45'),
(85, 13, 8, 1, '2017-04-10 05:20:45'),
(85, 14, 7, 3, '2017-04-10 05:20:45'),
(85, 15, 6, 1, '2017-04-10 05:20:45'),
(85, 16, 3, 3, '2017-04-10 05:20:45'),
(85, 17, 5, 1, '2017-04-10 05:20:45'),
(85, 18, 4, 3, '2017-04-10 05:20:45'),
(85, 19, 7, 1, '2017-04-10 05:20:45'),
(85, 20, 5, 1, '2017-04-10 05:20:45'),
(85, 21, 7, 1, '2017-04-17 11:49:44'),
(85, 22, 2, 1, '2017-04-17 11:49:44'),
(85, 23, 3, 2, '2017-04-17 11:49:44'),
(85, 24, 8, 1, '2017-04-17 11:49:44'),
(85, 25, 2, 2, '2017-04-17 11:49:44'),
(85, 26, 3, 1, '2017-04-17 11:49:44'),
(85, 27, 5, 1, '2017-04-17 11:49:44'),
(85, 28, 2, 2, '2017-04-17 11:49:44'),
(85, 29, 7, 1, '2017-04-17 11:49:44'),
(85, 30, 8, 2, '2017-04-24 04:36:35'),
(85, 31, 5, 1, '2017-04-24 04:36:35'),
(85, 32, 1, 2, '2017-04-24 04:36:35'),
(85, 33, 7, 3, '2017-04-24 04:36:35'),
(85, 34, 5, 1, '2017-04-24 04:36:35'),
(85, 35, 2, 3, '2017-04-24 04:36:35'),
(85, 36, 6, 2, '2017-04-24 04:36:35'),
(85, 37, 7, 3, '2017-04-24 04:36:35'),
(85, 38, 2, 2, '2017-04-24 04:36:35'),
(85, 39, 3, 2, '2017-04-24 04:36:35'),
(85, 40, 7, 2, '2017-04-24 04:36:35'),
(85, 41, 4, 2, '2017-05-02 08:41:30'),
(85, 42, 1, 1, '2017-05-02 08:41:30'),
(85, 43, 6, 1, '2017-05-02 08:41:30'),
(85, 44, 8, 2, '2017-05-02 08:41:30'),
(85, 45, 1, 1, '2017-05-02 08:41:30'),
(85, 46, 4, 2, '2017-05-02 08:41:30'),
(85, 47, 6, 3, '2017-05-02 08:41:30'),
(85, 48, 2, 1, '2017-05-02 08:41:30'),
(85, 49, 4, 2, '2017-05-02 08:41:30'),
(85, 64, 1, 1, '2017-05-10 03:46:54'),
(85, 65, 6, 2, '2017-05-10 03:46:54'),
(85, 66, 1, 2, '2017-05-10 03:46:54'),
(85, 67, 3, 1, '2017-05-10 03:46:54'),
(85, 68, 4, 1, '2017-05-10 03:46:54'),
(85, 69, 8, 1, '2017-05-10 03:46:54'),
(85, 70, 1, 2, '2017-05-10 03:46:54'),
(85, 71, 8, 1, '2017-05-15 08:45:55'),
(85, 72, 4, 1, '2017-05-15 08:45:55'),
(85, 73, 2, 1, '2017-05-19 04:39:41'),
(85, 74, 2, 1, '2017-05-19 04:39:41'),
(85, 75, 8, 2, '2017-05-19 04:39:41'),
(86, 1, 5, 1, '2017-04-03 04:55:56'),
(86, 2, 8, 3, '2017-04-03 04:55:56'),
(86, 3, 3, 1, '2017-04-03 04:55:56'),
(86, 4, 6, 3, '2017-04-03 04:55:56'),
(86, 5, 5, 2, '2017-04-03 04:55:56'),
(86, 6, 3, 1, '2017-04-03 04:55:56'),
(86, 7, 2, 1, '2017-04-03 04:55:56'),
(86, 8, 5, 3, '2017-04-03 04:55:56'),
(86, 9, 1, 1, '2017-04-03 04:55:56'),
(86, 10, 2, 1, '2017-04-12 05:47:06'),
(86, 11, 4, 1, '2017-04-12 05:47:06'),
(86, 12, 5, 1, '2017-04-12 05:47:06'),
(86, 13, 8, 2, '2017-04-12 05:47:06'),
(86, 14, 7, 1, '2017-04-12 05:47:06'),
(86, 15, 1, 1, '2017-04-12 05:47:06'),
(86, 16, 2, 3, '2017-04-12 05:47:06'),
(86, 17, 5, 1, '2017-04-12 05:47:06'),
(86, 18, 4, 1, '2017-04-12 05:47:06'),
(86, 19, 7, 1, '2017-04-12 05:47:06'),
(86, 20, 5, 1, '2017-04-12 05:47:06'),
(86, 21, 7, 1, '2017-04-18 05:25:29'),
(86, 22, 2, 2, '2017-04-18 05:25:29'),
(86, 23, 4, 3, '2017-04-18 05:25:29'),
(86, 24, 7, 1, '2017-04-18 05:25:29'),
(86, 25, 2, 1, '2017-04-18 05:25:29'),
(86, 26, 3, 1, '2017-04-18 05:25:29'),
(86, 27, 4, 3, '2017-04-18 05:25:29'),
(86, 28, 2, 2, '2017-04-18 05:25:29'),
(86, 29, 5, 2, '2017-04-18 05:25:29'),
(86, 30, 8, 3, '2017-04-25 05:58:16'),
(86, 31, 5, 2, '2017-04-25 05:58:16'),
(86, 32, 4, 3, '2017-04-25 05:58:16'),
(86, 33, 6, 3, '2017-04-25 05:58:16'),
(86, 34, 8, 1, '2017-04-25 05:58:16'),
(86, 35, 3, 1, '2017-04-25 05:58:16'),
(86, 36, 1, 1, '2017-04-25 05:58:16'),
(86, 37, 7, 2, '2017-04-25 05:58:16'),
(86, 38, 2, 3, '2017-04-25 05:58:16'),
(86, 39, 8, 2, '2017-04-25 05:58:16'),
(86, 40, 7, 1, '2017-04-25 05:58:16'),
(86, 41, 4, 3, '2017-05-02 13:39:11'),
(86, 42, 3, 1, '2017-05-02 13:39:11'),
(86, 43, 6, 2, '2017-05-02 13:39:11'),
(86, 44, 7, 3, '2017-05-02 13:39:11'),
(86, 45, 2, 2, '2017-05-02 13:39:11'),
(86, 46, 4, 1, '2017-05-02 13:39:11'),
(86, 47, 6, 3, '2017-05-02 13:39:11'),
(86, 48, 7, 3, '2017-05-02 13:39:11'),
(86, 49, 6, 3, '2017-05-02 13:39:11'),
(86, 64, 3, 1, '2017-05-09 08:24:31'),
(86, 65, 2, 1, '2017-05-09 08:24:31'),
(86, 66, 1, 1, '2017-05-09 08:24:31'),
(86, 67, 7, 3, '2017-05-09 08:24:31'),
(86, 68, 2, 3, '2017-05-09 08:24:31'),
(86, 69, 8, 2, '2017-05-09 08:24:31'),
(86, 70, 1, 3, '2017-05-09 08:24:31'),
(86, 71, 2, 1, '2017-05-16 05:40:50'),
(86, 72, 4, 2, '2017-05-16 05:40:50'),
(86, 73, 2, 1, '2017-05-19 09:36:30'),
(86, 74, 2, 1, '2017-05-19 09:36:30'),
(86, 75, 8, 2, '2017-05-19 09:36:30'),
(87, 1, 7, 2, '2017-04-04 06:31:56'),
(87, 2, 8, 3, '2017-04-04 06:31:56'),
(87, 3, 4, 1, '2017-04-04 06:31:56'),
(87, 4, 8, 1, '2017-04-04 06:31:56'),
(87, 5, 5, 3, '2017-04-04 06:31:56'),
(87, 6, 7, 3, '2017-04-04 06:31:56'),
(87, 7, 2, 1, '2017-04-04 06:31:56'),
(87, 8, 6, 3, '2017-04-04 06:31:56'),
(87, 9, 8, 1, '2017-04-04 06:31:56'),
(87, 10, 7, 1, '2017-04-11 08:36:19'),
(87, 11, 4, 1, '2017-04-11 08:36:19'),
(87, 12, 2, 2, '2017-04-11 08:36:19'),
(87, 13, 3, 1, '2017-04-11 08:36:19'),
(87, 14, 4, 1, '2017-04-11 08:36:19'),
(87, 15, 6, 2, '2017-04-11 08:36:19'),
(87, 16, 2, 1, '2017-04-11 08:36:19'),
(87, 17, 5, 1, '2017-04-11 08:36:19'),
(87, 18, 4, 2, '2017-04-11 08:36:19'),
(87, 19, 7, 1, '2017-04-11 08:36:19'),
(87, 20, 5, 2, '2017-04-11 08:36:19'),
(87, 21, 7, 1, '2017-04-18 05:14:41'),
(87, 22, 6, 2, '2017-04-18 05:14:41'),
(87, 23, 4, 1, '2017-04-18 05:14:41'),
(87, 24, 7, 1, '2017-04-18 05:14:41'),
(87, 25, 1, 2, '2017-04-18 05:14:41'),
(87, 26, 3, 3, '2017-04-18 05:14:41'),
(87, 27, 4, 1, '2017-04-18 05:14:41'),
(87, 28, 8, 1, '2017-04-18 05:14:41'),
(87, 29, 5, 1, '2017-04-18 05:14:41'),
(87, 30, 8, 2, '2017-04-24 13:32:23'),
(87, 31, 3, 2, '2017-04-24 13:32:23'),
(87, 32, 1, 2, '2017-04-24 13:32:23'),
(87, 33, 7, 3, '2017-04-24 13:32:23'),
(87, 34, 8, 1, '2017-04-24 13:32:23'),
(87, 35, 3, 1, '2017-04-24 13:32:23'),
(87, 36, 6, 2, '2017-04-24 13:32:23'),
(87, 37, 7, 2, '2017-04-24 13:32:23'),
(87, 38, 5, 1, '2017-04-24 13:32:23'),
(87, 39, 8, 2, '2017-04-24 13:32:23'),
(87, 40, 1, 1, '2017-04-24 13:32:23'),
(87, 41, 4, 1, '2017-05-03 05:08:35'),
(87, 42, 1, 2, '2017-05-03 05:08:35'),
(87, 43, 6, 3, '2017-05-03 05:08:35'),
(87, 44, 8, 2, '2017-05-03 05:08:35'),
(87, 45, 2, 3, '2017-05-03 05:08:35'),
(87, 46, 4, 1, '2017-05-03 05:08:35'),
(87, 47, 3, 1, '2017-05-03 05:08:35'),
(87, 48, 2, 1, '2017-05-03 05:08:35'),
(87, 49, 4, 2, '2017-05-03 05:08:35'),
(87, 64, 1, 2, '2017-05-10 04:17:24'),
(87, 65, 6, 1, '2017-05-10 04:17:24'),
(87, 66, 1, 3, '2017-05-10 04:17:24'),
(87, 67, 7, 2, '2017-05-10 04:17:24'),
(87, 68, 4, 3, '2017-05-10 04:17:24'),
(87, 69, 8, 2, '2017-05-10 04:17:24'),
(87, 70, 1, 3, '2017-05-10 04:17:24'),
(87, 71, 8, 2, '2017-05-16 07:46:24'),
(87, 72, 4, 1, '2017-05-16 07:46:24'),
(87, 73, 4, 1, '2017-05-18 13:04:30'),
(87, 74, 8, 1, '2017-05-18 13:04:30'),
(87, 75, 8, 1, '2017-05-18 13:04:30'),
(88, 1, 5, 1, '2017-04-04 04:59:32'),
(88, 2, 2, 1, '2017-04-04 04:59:32'),
(88, 3, 4, 1, '2017-04-04 04:59:32'),
(88, 4, 8, 2, '2017-04-04 04:59:32'),
(88, 5, 1, 1, '2017-04-04 04:59:32'),
(88, 6, 7, 1, '2017-04-04 04:59:32'),
(88, 7, 2, 1, '2017-04-04 04:59:32'),
(88, 8, 6, 1, '2017-04-04 04:59:32'),
(88, 9, 1, 2, '2017-04-04 04:59:32'),
(88, 10, 7, 1, '2017-04-11 10:35:26'),
(88, 11, 6, 1, '2017-04-11 10:35:26'),
(88, 12, 2, 1, '2017-04-11 10:35:26'),
(88, 13, 8, 1, '2017-04-11 10:35:26'),
(88, 14, 4, 1, '2017-04-11 10:35:26'),
(88, 15, 1, 1, '2017-04-11 10:35:26'),
(88, 16, 3, 1, '2017-04-11 10:35:26'),
(88, 17, 5, 1, '2017-04-11 10:35:26'),
(88, 18, 4, 1, '2017-04-11 10:35:26'),
(88, 19, 6, 1, '2017-04-11 10:35:26'),
(88, 20, 5, 1, '2017-04-11 10:35:26'),
(88, 21, 7, 1, '2017-04-19 05:23:55'),
(88, 22, 2, 2, '2017-04-19 05:23:55'),
(88, 23, 4, 2, '2017-04-19 05:23:55'),
(88, 24, 7, 1, '2017-04-19 05:23:55'),
(88, 25, 2, 1, '2017-04-19 05:23:55'),
(88, 26, 6, 1, '2017-04-19 05:23:55'),
(88, 27, 4, 1, '2017-04-19 05:23:55'),
(88, 28, 2, 1, '2017-04-19 05:23:55'),
(88, 29, 5, 2, '2017-04-19 05:23:55'),
(88, 30, 4, 1, '2017-04-25 11:21:07'),
(88, 31, 3, 1, '2017-04-25 11:21:07'),
(88, 32, 4, 1, '2017-04-25 11:21:07'),
(88, 33, 7, 2, '2017-04-25 11:21:07'),
(88, 34, 8, 2, '2017-04-25 11:21:07'),
(88, 35, 2, 1, '2017-04-25 11:21:07'),
(88, 36, 6, 1, '2017-04-25 11:21:07'),
(88, 37, 4, 1, '2017-04-25 11:21:07'),
(88, 38, 2, 2, '2017-04-25 11:21:07'),
(88, 39, 3, 1, '2017-04-25 11:21:07'),
(88, 40, 7, 1, '2017-04-25 11:21:07'),
(88, 41, 4, 1, '2017-05-02 07:53:23'),
(88, 42, 3, 1, '2017-05-02 07:53:23'),
(88, 43, 6, 2, '2017-05-02 07:53:23'),
(88, 44, 7, 1, '2017-05-02 07:53:23'),
(88, 45, 2, 1, '2017-05-02 07:53:23'),
(88, 46, 4, 2, '2017-05-02 07:53:23'),
(88, 47, 3, 2, '2017-05-02 07:53:23'),
(88, 48, 2, 1, '2017-05-02 07:53:23'),
(88, 49, 4, 1, '2017-05-02 07:53:23'),
(88, 64, 3, 2, '2017-05-09 04:54:59'),
(88, 65, 2, 2, '2017-05-09 04:54:59'),
(88, 66, 1, 2, '2017-05-09 04:54:59'),
(88, 67, 7, 2, '2017-05-09 04:54:59'),
(88, 68, 4, 1, '2017-05-09 04:54:59'),
(88, 69, 8, 1, '2017-05-09 04:54:59'),
(88, 70, 1, 2, '2017-05-09 04:54:59'),
(88, 71, 2, 2, '2017-05-15 12:44:11'),
(88, 72, 7, 1, '2017-05-15 12:44:11'),
(88, 73, 4, 1, '2017-05-18 12:18:14'),
(88, 74, 8, 1, '2017-05-18 12:18:14'),
(88, 75, 8, 2, '2017-05-18 12:18:14'),
(89, 1, 7, 2, '2017-04-04 05:28:54'),
(89, 2, 8, 1, '2017-04-04 05:28:54'),
(89, 3, 3, 1, '2017-04-04 05:28:54'),
(89, 4, 8, 2, '2017-04-04 05:28:54'),
(89, 5, 5, 2, '2017-04-04 05:28:54'),
(89, 6, 7, 1, '2017-04-04 05:28:54'),
(89, 7, 2, 1, '2017-04-04 05:28:54'),
(89, 8, 6, 3, '2017-04-04 05:28:54'),
(89, 9, 8, 1, '2017-04-04 05:28:54'),
(89, 10, 7, 1, '2017-04-10 12:56:20'),
(89, 11, 4, 1, '2017-04-10 12:56:20'),
(89, 12, 5, 1, '2017-04-10 12:56:20'),
(89, 13, 3, 3, '2017-04-10 12:56:20'),
(89, 14, 4, 1, '2017-04-10 12:56:20'),
(89, 15, 6, 1, '2017-04-10 12:56:20'),
(89, 16, 3, 1, '2017-04-10 12:56:20'),
(89, 17, 5, 1, '2017-04-10 12:56:20'),
(89, 18, 1, 3, '2017-04-10 12:56:20'),
(89, 19, 7, 3, '2017-04-10 12:56:20'),
(89, 20, 5, 1, '2017-04-10 12:56:20'),
(89, 21, 7, 2, '2017-04-18 05:19:06'),
(89, 22, 2, 2, '2017-04-18 05:19:06'),
(89, 23, 4, 1, '2017-04-18 05:19:06'),
(89, 24, 8, 1, '2017-04-18 05:19:06'),
(89, 25, 2, 1, '2017-04-18 05:19:06'),
(89, 26, 3, 1, '2017-04-18 05:19:06'),
(89, 27, 5, 2, '2017-04-18 05:19:06'),
(89, 28, 2, 3, '2017-04-18 05:19:06'),
(89, 29, 5, 1, '2017-04-18 05:19:06'),
(89, 30, 8, 2, '2017-04-24 05:43:23'),
(89, 31, 5, 2, '2017-04-24 05:43:23'),
(89, 32, 4, 2, '2017-04-24 05:43:23'),
(89, 33, 7, 1, '2017-04-24 05:43:23'),
(89, 34, 5, 1, '2017-04-24 05:43:23'),
(89, 35, 2, 1, '2017-04-24 05:43:23'),
(89, 36, 6, 1, '2017-04-24 05:43:23'),
(89, 37, 7, 1, '2017-04-24 05:43:23'),
(89, 38, 5, 1, '2017-04-24 05:43:23'),
(89, 39, 3, 3, '2017-04-24 05:43:23'),
(89, 40, 7, 1, '2017-04-24 05:43:23'),
(89, 42, 3, 2, '2017-05-04 10:18:39'),
(89, 43, 5, 3, '2017-05-04 10:18:39'),
(89, 44, 7, 1, '2017-05-04 10:18:39'),
(89, 45, 2, 3, '2017-05-04 10:18:39'),
(89, 46, 4, 3, '2017-05-04 10:18:39'),
(89, 47, 6, 2, '2017-05-04 10:18:39'),
(89, 48, 2, 3, '2017-05-04 10:18:39'),
(89, 49, 4, 2, '2017-05-04 10:18:39'),
(89, 64, 1, 2, '2017-05-09 05:48:49'),
(89, 65, 2, 1, '2017-05-09 05:48:49'),
(89, 66, 1, 2, '2017-05-09 05:48:49'),
(89, 67, 7, 1, '2017-05-09 05:48:49'),
(89, 68, 4, 2, '2017-05-09 05:48:49'),
(89, 69, 8, 2, '2017-05-09 05:48:49'),
(89, 70, 1, 2, '2017-05-09 05:48:49'),
(89, 71, 2, 1, '2017-05-15 12:19:51'),
(89, 72, 4, 1, '2017-05-15 12:19:51'),
(89, 73, 4, 2, '2017-05-19 05:08:02'),
(89, 74, 8, 1, '2017-05-19 05:08:02'),
(89, 75, 4, 2, '2017-05-19 05:08:02'),
(90, 1, 7, 2, '2017-04-04 13:08:05'),
(90, 2, 2, 3, '2017-04-04 13:08:05'),
(90, 3, 4, 1, '2017-04-04 13:08:05'),
(90, 4, 6, 2, '2017-04-04 13:08:05'),
(90, 5, 1, 1, '2017-04-04 13:08:05'),
(90, 6, 7, 3, '2017-04-04 13:08:05'),
(90, 7, 2, 1, '2017-04-04 13:08:05'),
(90, 8, 6, 2, '2017-04-04 13:08:05'),
(90, 9, 8, 1, '2017-04-04 13:08:05'),
(90, 10, 2, 2, '2017-04-11 08:05:46'),
(90, 11, 6, 1, '2017-04-11 08:05:46'),
(90, 12, 2, 1, '2017-04-11 08:05:46'),
(90, 13, 8, 1, '2017-04-11 08:05:46'),
(90, 14, 7, 3, '2017-04-11 08:05:46'),
(90, 15, 6, 1, '2017-04-11 08:05:46'),
(90, 16, 2, 3, '2017-04-11 08:05:46'),
(90, 17, 5, 3, '2017-04-11 08:05:46'),
(90, 18, 4, 2, '2017-04-11 08:05:46'),
(90, 19, 6, 1, '2017-04-11 08:05:46'),
(90, 20, 3, 1, '2017-04-11 08:05:46'),
(90, 21, 7, 2, '2017-04-18 11:14:24'),
(90, 22, 2, 3, '2017-04-18 11:14:24'),
(90, 23, 4, 1, '2017-04-18 11:14:24'),
(90, 24, 8, 1, '2017-04-18 11:14:24'),
(90, 25, 2, 3, '2017-04-18 11:14:24'),
(90, 26, 6, 1, '2017-04-18 11:14:24'),
(90, 27, 4, 2, '2017-04-18 11:14:24'),
(90, 28, 2, 1, '2017-04-18 11:14:24'),
(90, 29, 5, 3, '2017-04-18 11:14:24'),
(90, 30, 8, 2, '2017-04-25 10:47:25'),
(90, 31, 5, 3, '2017-04-25 10:47:25'),
(90, 32, 4, 2, '2017-04-25 10:47:25'),
(90, 33, 7, 3, '2017-04-25 10:47:25'),
(90, 34, 5, 1, '2017-04-25 10:47:25'),
(90, 35, 2, 1, '2017-04-25 10:47:25'),
(90, 36, 1, 1, '2017-04-25 10:47:25'),
(90, 37, 7, 3, '2017-04-25 10:47:25'),
(90, 38, 2, 2, '2017-04-25 10:47:25'),
(90, 39, 8, 1, '2017-04-25 10:47:25'),
(90, 40, 7, 1, '2017-04-25 10:47:25'),
(90, 41, 4, 1, '2017-05-03 10:04:47'),
(90, 42, 3, 2, '2017-05-03 10:04:47'),
(90, 43, 5, 3, '2017-05-03 10:04:47'),
(90, 44, 7, 2, '2017-05-03 10:04:47'),
(90, 45, 2, 2, '2017-05-03 10:04:47'),
(90, 46, 4, 1, '2017-05-03 10:04:47'),
(90, 47, 6, 3, '2017-05-03 10:04:47'),
(90, 48, 2, 1, '2017-05-03 10:04:47'),
(90, 49, 4, 3, '2017-05-03 10:04:47'),
(90, 64, 3, 3, '2017-05-10 10:45:15'),
(90, 65, 2, 1, '2017-05-10 10:45:15'),
(90, 66, 8, 2, '2017-05-10 10:45:15'),
(90, 67, 7, 3, '2017-05-10 10:45:15'),
(90, 68, 2, 2, '2017-05-10 10:45:15'),
(90, 69, 8, 2, '2017-05-10 10:45:15'),
(90, 70, 5, 2, '2017-05-10 10:45:15'),
(90, 71, 2, 2, '2017-05-15 08:34:07'),
(90, 72, 7, 1, '2017-05-15 08:34:07'),
(90, 73, 2, 2, '2017-05-19 09:12:47'),
(90, 74, 2, 2, '2017-05-19 09:12:47'),
(90, 75, 4, 1, '2017-05-19 09:12:47'),
(91, 1, 5, 1, '2017-04-04 06:57:27'),
(91, 2, 8, 1, '2017-04-04 06:57:27'),
(91, 3, 3, 1, '2017-04-04 06:57:27'),
(91, 4, 8, 2, '2017-04-04 06:57:27'),
(91, 5, 5, 1, '2017-04-04 06:57:27'),
(91, 6, 3, 1, '2017-04-04 06:57:27'),
(91, 7, 2, 1, '2017-04-04 06:57:27'),
(91, 8, 5, 3, '2017-04-04 06:57:27'),
(91, 9, 8, 1, '2017-04-04 06:57:27'),
(91, 10, 2, 1, '2017-04-11 09:37:41'),
(91, 11, 4, 1, '2017-04-11 09:37:41'),
(91, 12, 2, 1, '2017-04-11 09:37:41'),
(91, 13, 8, 1, '2017-04-11 09:37:41'),
(91, 14, 4, 1, '2017-04-11 09:37:41'),
(91, 15, 6, 1, '2017-04-11 09:37:41'),
(91, 16, 2, 3, '2017-04-11 09:37:41'),
(91, 17, 5, 1, '2017-04-11 09:37:41'),
(91, 18, 1, 1, '2017-04-11 09:37:41'),
(91, 19, 7, 1, '2017-04-11 09:37:41'),
(91, 20, 5, 1, '2017-04-11 09:37:41'),
(91, 21, 7, 2, '2017-04-18 04:27:39'),
(91, 22, 2, 1, '2017-04-18 04:27:39'),
(91, 23, 4, 1, '2017-04-18 04:27:39'),
(91, 24, 8, 1, '2017-04-18 04:27:39'),
(91, 25, 2, 2, '2017-04-18 04:27:39'),
(91, 26, 3, 1, '2017-04-18 04:27:39'),
(91, 27, 5, 1, '2017-04-18 04:27:39'),
(91, 28, 2, 1, '2017-04-18 04:27:39'),
(91, 29, 5, 2, '2017-04-18 04:27:39'),
(91, 30, 8, 3, '2017-04-25 10:31:05'),
(91, 31, 5, 2, '2017-04-25 10:31:05'),
(91, 32, 4, 2, '2017-04-25 10:31:05'),
(91, 33, 7, 1, '2017-04-25 10:31:05'),
(91, 34, 5, 1, '2017-04-25 10:31:05'),
(91, 35, 2, 1, '2017-04-25 10:31:05'),
(91, 36, 1, 3, '2017-04-25 10:31:05'),
(91, 37, 4, 1, '2017-04-25 10:31:05'),
(91, 38, 2, 1, '2017-04-25 10:31:05'),
(91, 39, 8, 1, '2017-04-25 10:31:05'),
(91, 40, 7, 1, '2017-04-25 10:31:05'),
(91, 41, 8, 1, '2017-05-03 10:19:50'),
(91, 42, 1, 2, '2017-05-03 10:19:50'),
(91, 43, 5, 3, '2017-05-03 10:19:50'),
(91, 44, 8, 2, '2017-05-03 10:19:50'),
(91, 45, 2, 1, '2017-05-03 10:19:50'),
(91, 46, 4, 1, '2017-05-03 10:19:50'),
(91, 47, 3, 3, '2017-05-03 10:19:50'),
(91, 48, 2, 1, '2017-05-03 10:19:50'),
(91, 49, 4, 1, '2017-05-03 10:19:50'),
(91, 64, 1, 3, '2017-05-10 10:52:18'),
(91, 65, 2, 1, '2017-05-10 10:52:18'),
(91, 66, 8, 1, '2017-05-10 10:52:18'),
(91, 67, 7, 3, '2017-05-10 10:52:18'),
(91, 68, 2, 1, '2017-05-10 10:52:18'),
(91, 69, 8, 1, '2017-05-10 10:52:18'),
(91, 70, 1, 2, '2017-05-10 10:52:18'),
(91, 71, 2, 1, '2017-05-16 09:56:28'),
(91, 72, 4, 1, '2017-05-16 09:56:28'),
(91, 73, 2, 1, '2017-05-19 08:50:52'),
(91, 74, 8, 1, '2017-05-19 08:50:52'),
(91, 75, 8, 1, '2017-05-19 08:50:52'),
(92, 1, 7, 1, '2017-04-03 09:25:03'),
(92, 2, 8, 1, '2017-04-03 09:25:03'),
(92, 3, 4, 1, '2017-04-03 09:25:03'),
(92, 4, 6, 1, '2017-04-03 09:25:03'),
(92, 5, 5, 2, '2017-04-03 09:25:03'),
(92, 6, 3, 1, '2017-04-03 09:25:03'),
(92, 7, 2, 2, '2017-04-03 09:25:03'),
(92, 8, 6, 3, '2017-04-03 09:25:03'),
(92, 9, 8, 1, '2017-04-03 09:25:03'),
(92, 10, 7, 1, '2017-04-11 06:27:44'),
(92, 11, 6, 1, '2017-04-11 06:27:44'),
(92, 12, 5, 2, '2017-04-11 06:27:44'),
(92, 13, 3, 1, '2017-04-11 06:27:44'),
(92, 14, 4, 1, '2017-04-11 06:27:44'),
(92, 15, 6, 1, '2017-04-11 06:27:44'),
(92, 16, 2, 1, '2017-04-11 06:27:44'),
(92, 17, 5, 1, '2017-04-11 06:27:44'),
(92, 18, 4, 2, '2017-04-11 06:27:44'),
(92, 19, 6, 1, '2017-04-11 06:27:44'),
(92, 20, 5, 1, '2017-04-11 06:27:44'),
(92, 21, 7, 2, '2017-04-18 07:46:01'),
(92, 22, 2, 2, '2017-04-18 07:46:01'),
(92, 23, 4, 2, '2017-04-18 07:46:01'),
(92, 24, 7, 1, '2017-04-18 07:46:01'),
(92, 25, 2, 2, '2017-04-18 07:46:01'),
(92, 26, 3, 1, '2017-04-18 07:46:01'),
(92, 27, 4, 1, '2017-04-18 07:46:01'),
(92, 28, 2, 3, '2017-04-18 07:46:01'),
(92, 29, 7, 1, '2017-04-18 07:46:01'),
(92, 30, 8, 2, '2017-04-25 05:42:46'),
(92, 31, 3, 2, '2017-04-25 05:42:46'),
(92, 32, 4, 2, '2017-04-25 05:42:46'),
(92, 33, 6, 2, '2017-04-25 05:42:46'),
(92, 34, 8, 1, '2017-04-25 05:42:46'),
(92, 35, 3, 1, '2017-04-25 05:42:46'),
(92, 36, 6, 1, '2017-04-25 05:42:46'),
(92, 37, 7, 2, '2017-04-25 05:42:46'),
(92, 38, 2, 2, '2017-04-25 05:42:46'),
(92, 39, 8, 1, '2017-04-25 05:42:46'),
(92, 40, 7, 1, '2017-04-25 05:42:46'),
(92, 41, 4, 1, '2017-05-03 09:00:21'),
(92, 42, 3, 2, '2017-05-03 09:00:21'),
(92, 43, 6, 2, '2017-05-03 09:00:21'),
(92, 44, 7, 1, '2017-05-03 09:00:21'),
(92, 45, 2, 3, '2017-05-03 09:00:21'),
(92, 46, 4, 1, '2017-05-03 09:00:21'),
(92, 47, 6, 1, '2017-05-03 09:00:21'),
(92, 48, 7, 2, '2017-05-03 09:00:21'),
(92, 49, 4, 2, '2017-05-03 09:00:21'),
(92, 64, 3, 2, '2017-05-08 08:59:37'),
(92, 65, 6, 1, '2017-05-08 08:59:37'),
(92, 66, 8, 1, '2017-05-08 08:59:37'),
(92, 67, 3, 1, '2017-05-08 08:59:37'),
(92, 68, 4, 1, '2017-05-08 08:59:37'),
(92, 69, 6, 2, '2017-05-08 08:59:37'),
(92, 70, 1, 1, '2017-05-08 08:59:37'),
(92, 71, 2, 1, '2017-05-15 08:31:50'),
(92, 72, 7, 1, '2017-05-15 08:31:50'),
(92, 73, 4, 2, '2017-05-18 11:04:24'),
(92, 74, 8, 2, '2017-05-18 11:04:24'),
(92, 75, 4, 2, '2017-05-18 11:04:24'),
(93, 1, 5, 2, '2017-04-03 14:08:42'),
(93, 2, 8, 3, '2017-04-03 14:08:42'),
(93, 3, 4, 1, '2017-04-03 14:08:42'),
(93, 4, 8, 1, '2017-04-03 14:08:42'),
(93, 5, 5, 1, '2017-04-03 14:08:42'),
(93, 6, 7, 1, '2017-04-03 14:08:42'),
(93, 7, 2, 2, '2017-04-03 14:08:42'),
(93, 8, 5, 1, '2017-04-03 14:08:42'),
(93, 9, 8, 1, '2017-04-03 14:08:42'),
(93, 10, 2, 1, '2017-04-10 08:24:26'),
(93, 11, 4, 1, '2017-04-10 08:24:26'),
(93, 12, 5, 2, '2017-04-10 08:24:26'),
(93, 13, 8, 1, '2017-04-10 08:24:26'),
(93, 14, 7, 1, '2017-04-10 08:24:26'),
(93, 15, 1, 1, '2017-04-10 08:24:26'),
(93, 16, 2, 1, '2017-04-10 08:24:26'),
(93, 17, 8, 1, '2017-04-10 08:24:26'),
(93, 18, 4, 2, '2017-04-10 08:24:26'),
(93, 19, 7, 1, '2017-04-10 08:24:26'),
(93, 20, 5, 1, '2017-04-10 08:24:26'),
(93, 21, 7, 1, '2017-04-17 15:39:04'),
(93, 22, 2, 2, '2017-04-17 15:39:04'),
(93, 23, 4, 1, '2017-04-17 15:39:04'),
(93, 24, 8, 1, '2017-04-17 15:39:04'),
(93, 25, 2, 1, '2017-04-17 15:39:04'),
(93, 26, 6, 1, '2017-04-17 15:39:04'),
(93, 27, 5, 2, '2017-04-17 15:39:04'),
(93, 28, 8, 1, '2017-04-17 15:39:04'),
(93, 29, 5, 1, '2017-04-17 15:39:04'),
(93, 30, 8, 2, '2017-04-25 05:57:39'),
(93, 31, 5, 2, '2017-04-25 05:57:39'),
(93, 32, 4, 1, '2017-04-25 05:57:39'),
(93, 33, 6, 3, '2017-04-25 05:57:39'),
(93, 34, 8, 1, '2017-04-25 05:57:39'),
(93, 35, 2, 2, '2017-04-25 05:57:39'),
(93, 36, 6, 1, '2017-04-25 05:57:39'),
(93, 37, 7, 2, '2017-04-25 05:57:39'),
(93, 38, 2, 2, '2017-04-25 05:57:39'),
(93, 39, 8, 1, '2017-04-25 05:57:39'),
(93, 40, 7, 1, '2017-04-25 05:57:39'),
(93, 41, 8, 1, '2017-05-03 06:43:27'),
(93, 42, 1, 1, '2017-05-03 06:43:27'),
(93, 43, 5, 2, '2017-05-03 06:43:27'),
(93, 44, 8, 2, '2017-05-03 06:43:27'),
(93, 45, 2, 2, '2017-05-03 06:43:27'),
(93, 46, 4, 1, '2017-05-03 06:43:27'),
(93, 47, 6, 1, '2017-05-03 06:43:27'),
(93, 48, 2, 2, '2017-05-03 06:43:27'),
(93, 49, 4, 2, '2017-05-03 06:43:27'),
(93, 64, 1, 2, '2017-05-09 14:21:25'),
(93, 65, 2, 1, '2017-05-09 14:21:25'),
(93, 66, 8, 1, '2017-05-09 14:21:25'),
(93, 67, 7, 2, '2017-05-09 14:21:25'),
(93, 68, 2, 2, '2017-05-09 14:21:25'),
(93, 69, 8, 2, '2017-05-09 14:21:25'),
(93, 70, 1, 1, '2017-05-09 14:21:25'),
(93, 71, 2, 1, '2017-05-15 14:06:53'),
(93, 72, 7, 1, '2017-05-15 14:06:53'),
(93, 73, 2, 2, '2017-05-18 14:26:53'),
(93, 74, 2, 2, '2017-05-18 14:26:53'),
(93, 75, 8, 2, '2017-05-18 14:26:53'),
(94, 1, 7, 1, '2017-04-03 04:17:40'),
(94, 2, 2, 1, '2017-04-03 04:17:40'),
(94, 3, 4, 2, '2017-04-03 04:17:40'),
(94, 4, 8, 2, '2017-04-03 04:17:40'),
(94, 5, 1, 1, '2017-04-03 04:17:40'),
(94, 6, 3, 1, '2017-04-03 04:17:40'),
(94, 7, 4, 1, '2017-04-03 04:17:40'),
(94, 8, 5, 2, '2017-04-03 04:17:40'),
(94, 9, 8, 1, '2017-04-03 04:17:40'),
(94, 10, 2, 2, '2017-04-10 05:12:11'),
(94, 11, 4, 1, '2017-04-10 05:12:11'),
(94, 12, 5, 2, '2017-04-10 05:12:11'),
(94, 13, 3, 1, '2017-04-10 05:12:11'),
(94, 14, 4, 1, '2017-04-10 05:12:11'),
(94, 15, 6, 2, '2017-04-10 05:12:11'),
(94, 16, 2, 1, '2017-04-10 05:12:11'),
(94, 17, 5, 1, '2017-04-10 05:12:11'),
(94, 18, 1, 1, '2017-04-10 05:12:11'),
(94, 19, 6, 1, '2017-04-10 05:12:11'),
(94, 20, 3, 1, '2017-04-10 05:12:11'),
(94, 21, 1, 2, '2017-04-19 09:39:11'),
(94, 22, 2, 2, '2017-04-19 09:39:11'),
(94, 23, 4, 1, '2017-04-19 09:39:11'),
(94, 24, 7, 1, '2017-04-19 09:39:11'),
(94, 25, 1, 2, '2017-04-19 09:39:11'),
(94, 26, 6, 1, '2017-04-19 09:39:11'),
(94, 27, 4, 2, '2017-04-19 09:39:11'),
(94, 28, 8, 1, '2017-04-19 09:39:11'),
(94, 29, 5, 1, '2017-04-19 09:39:11'),
(94, 30, 4, 1, '2017-04-21 10:39:38'),
(94, 31, 5, 1, '2017-04-21 10:39:38'),
(94, 32, 1, 2, '2017-04-21 10:39:38'),
(94, 33, 7, 1, '2017-04-21 10:39:38'),
(94, 34, 5, 1, '2017-04-21 10:39:38'),
(94, 35, 2, 1, '2017-04-21 10:39:38'),
(94, 36, 6, 1, '2017-04-21 10:39:38'),
(94, 37, 7, 1, '2017-04-21 10:39:38'),
(94, 38, 2, 2, '2017-04-21 10:39:38'),
(94, 39, 3, 2, '2017-04-21 10:39:38'),
(94, 40, 7, 1, '2017-04-21 10:39:38'),
(94, 41, 4, 1, '2017-05-02 09:15:32'),
(94, 42, 1, 2, '2017-05-02 09:15:32'),
(94, 43, 6, 2, '2017-05-02 09:15:32'),
(94, 44, 7, 1, '2017-05-02 09:15:32'),
(94, 45, 2, 2, '2017-05-02 09:15:32'),
(94, 46, 4, 2, '2017-05-02 09:15:32'),
(94, 47, 6, 1, '2017-05-02 09:15:32'),
(94, 48, 2, 2, '2017-05-02 09:15:32'),
(94, 49, 4, 2, '2017-05-02 09:15:32'),
(94, 64, 3, 1, '2017-05-08 08:06:24'),
(94, 65, 2, 1, '2017-05-08 08:06:24'),
(94, 66, 8, 2, '2017-05-08 08:06:24'),
(94, 67, 3, 2, '2017-05-08 08:06:24'),
(94, 68, 2, 2, '2017-05-08 08:06:24'),
(94, 69, 8, 2, '2017-05-08 08:06:24'),
(94, 70, 5, 1, '2017-05-08 08:06:24'),
(94, 71, 2, 1, '2017-05-16 06:15:14'),
(94, 72, 4, 2, '2017-05-16 06:15:14'),
(94, 73, 4, 2, '2017-05-19 05:57:28'),
(94, 74, 2, 1, '2017-05-19 05:57:28'),
(94, 75, 4, 2, '2017-05-19 05:57:28'),
(95, 1, 7, 3, '2017-04-03 15:26:32'),
(95, 2, 2, 3, '2017-04-03 15:26:32'),
(95, 3, 4, 3, '2017-04-03 15:26:32'),
(95, 4, 6, 3, '2017-04-03 15:26:32'),
(95, 5, 1, 3, '2017-04-03 15:26:32'),
(95, 6, 7, 3, '2017-04-03 15:26:32'),
(95, 7, 2, 3, '2017-04-03 15:26:32'),
(95, 8, 6, 3, '2017-04-03 15:26:32'),
(95, 9, 1, 3, '2017-04-03 15:26:32'),
(95, 10, 2, 1, '2017-04-12 10:33:39'),
(95, 11, 4, 1, '2017-04-12 10:33:39'),
(95, 12, 5, 3, '2017-04-12 10:33:39'),
(95, 13, 3, 3, '2017-04-12 10:33:39'),
(95, 14, 4, 3, '2017-04-12 10:33:39'),
(95, 15, 1, 1, '2017-04-12 10:33:39'),
(95, 16, 2, 3, '2017-04-12 10:33:39'),
(95, 17, 5, 3, '2017-04-12 10:33:39'),
(95, 18, 1, 3, '2017-04-12 10:33:39'),
(95, 19, 6, 3, '2017-04-12 10:33:39'),
(95, 20, 3, 1, '2017-04-12 10:33:39'),
(95, 21, 7, 2, '2017-04-17 15:52:52'),
(95, 22, 2, 2, '2017-04-17 15:52:52'),
(95, 23, 4, 2, '2017-04-17 15:52:52'),
(95, 24, 8, 1, '2017-04-17 15:52:52'),
(95, 25, 2, 2, '2017-04-17 15:52:52'),
(95, 26, 3, 1, '2017-04-17 15:52:52'),
(95, 27, 4, 2, '2017-04-17 15:52:52'),
(95, 28, 2, 2, '2017-04-17 15:52:52'),
(95, 29, 5, 1, '2017-04-17 15:52:52'),
(95, 30, 8, 2, '2017-04-25 10:32:45'),
(95, 31, 5, 2, '2017-04-25 10:32:45'),
(95, 32, 4, 1, '2017-04-25 10:32:45'),
(95, 33, 7, 1, '2017-04-25 10:32:45'),
(95, 34, 8, 1, '2017-04-25 10:32:45'),
(95, 35, 2, 1, '2017-04-25 10:32:45'),
(95, 36, 6, 1, '2017-04-25 10:32:45'),
(95, 37, 4, 2, '2017-04-25 10:32:45'),
(95, 38, 2, 2, '2017-04-25 10:32:45'),
(95, 39, 8, 2, '2017-04-25 10:32:45'),
(95, 40, 1, 1, '2017-04-25 10:32:45'),
(95, 41, 4, 1, '2017-05-03 12:38:21'),
(95, 42, 3, 3, '2017-05-03 12:38:21'),
(95, 43, 6, 3, '2017-05-03 12:38:21'),
(95, 44, 7, 1, '2017-05-03 12:38:21'),
(95, 45, 2, 2, '2017-05-03 12:38:21'),
(95, 46, 4, 1, '2017-05-03 12:38:21'),
(95, 47, 6, 3, '2017-05-03 12:38:21'),
(95, 48, 2, 1, '2017-05-03 12:38:21'),
(95, 49, 4, 3, '2017-05-03 12:38:21'),
(95, 64, 1, 2, '2017-05-10 11:38:56'),
(95, 65, 2, 1, '2017-05-10 11:38:56'),
(95, 66, 8, 1, '2017-05-10 11:38:56'),
(95, 67, 7, 3, '2017-05-10 11:38:56'),
(95, 68, 4, 2, '2017-05-10 11:38:56'),
(95, 69, 8, 2, '2017-05-10 11:38:56'),
(95, 70, 1, 3, '2017-05-10 11:38:56'),
(95, 71, 2, 1, '2017-05-16 10:50:52'),
(95, 72, 4, 1, '2017-05-16 10:50:52'),
(95, 73, 2, 2, '2017-05-19 08:21:16'),
(95, 74, 2, 1, '2017-05-19 08:21:16'),
(95, 75, 4, 2, '2017-05-19 08:21:16'),
(96, 1, 7, 3, '2017-04-04 11:49:55'),
(96, 2, 8, 1, '2017-04-04 11:49:55'),
(96, 3, 4, 1, '2017-04-04 11:49:55'),
(96, 4, 8, 3, '2017-04-04 11:49:55'),
(96, 5, 5, 1, '2017-04-04 11:49:55'),
(96, 6, 7, 3, '2017-04-04 11:49:55'),
(96, 7, 2, 1, '2017-04-04 11:49:55'),
(96, 8, 6, 3, '2017-04-04 11:49:55'),
(96, 9, 1, 2, '2017-04-04 11:49:55'),
(96, 10, 2, 3, '2017-04-11 08:59:13'),
(96, 11, 4, 3, '2017-04-11 08:59:13'),
(96, 12, 2, 3, '2017-04-11 08:59:13'),
(96, 13, 3, 2, '2017-04-11 08:59:13'),
(96, 14, 4, 1, '2017-04-11 08:59:13'),
(96, 15, 6, 3, '2017-04-11 08:59:13'),
(96, 16, 2, 3, '2017-04-11 08:59:13'),
(96, 17, 5, 1, '2017-04-11 08:59:13'),
(96, 18, 4, 3, '2017-04-11 08:59:13'),
(96, 19, 7, 2, '2017-04-11 08:59:13'),
(96, 20, 3, 3, '2017-04-11 08:59:13'),
(96, 21, 7, 3, '2017-04-18 08:02:01'),
(96, 22, 2, 2, '2017-04-18 08:02:01'),
(96, 23, 4, 3, '2017-04-18 08:02:01'),
(96, 24, 8, 1, '2017-04-18 08:02:01'),
(96, 25, 2, 3, '2017-04-18 08:02:01'),
(96, 26, 3, 3, '2017-04-18 08:02:01'),
(96, 27, 4, 2, '2017-04-18 08:02:01'),
(96, 28, 2, 3, '2017-04-18 08:02:01'),
(96, 29, 5, 1, '2017-04-18 08:02:01'),
(96, 30, 4, 1, '2017-04-25 11:53:29'),
(96, 31, 5, 2, '2017-04-25 11:53:29'),
(96, 32, 4, 3, '2017-04-25 11:53:29'),
(96, 33, 6, 1, '2017-04-25 11:53:29'),
(96, 34, 8, 1, '2017-04-25 11:53:29'),
(96, 35, 2, 2, '2017-04-25 11:53:29'),
(96, 36, 6, 3, '2017-04-25 11:53:29'),
(96, 37, 7, 1, '2017-04-25 11:53:29'),
(96, 38, 5, 1, '2017-04-25 11:53:29'),
(96, 39, 8, 3, '2017-04-25 11:53:29'),
(96, 40, 1, 1, '2017-04-25 11:53:29'),
(96, 41, 4, 1, '2017-05-03 09:04:46'),
(96, 42, 1, 1, '2017-05-03 09:04:46'),
(96, 43, 5, 2, '2017-05-03 09:04:46'),
(96, 44, 7, 1, '2017-05-03 09:04:46'),
(96, 45, 2, 2, '2017-05-03 09:04:46'),
(96, 46, 4, 1, '2017-05-03 09:04:46'),
(96, 47, 6, 3, '2017-05-03 09:04:46'),
(96, 48, 7, 2, '2017-05-03 09:04:46'),
(96, 49, 4, 2, '2017-05-03 09:04:46'),
(96, 64, 3, 2, '2017-05-09 12:37:49'),
(96, 65, 2, 1, '2017-05-09 12:37:49'),
(96, 66, 8, 2, '2017-05-09 12:37:49'),
(96, 67, 7, 2, '2017-05-09 12:37:49'),
(96, 68, 4, 3, '2017-05-09 12:37:49'),
(96, 69, 8, 2, '2017-05-09 12:37:49'),
(96, 70, 1, 3, '2017-05-09 12:37:49'),
(96, 71, 2, 1, '2017-05-16 09:22:03'),
(96, 72, 4, 1, '2017-05-16 09:22:03'),
(96, 73, 2, 2, '2017-05-19 08:48:01'),
(96, 74, 2, 1, '2017-05-19 08:48:01'),
(96, 75, 8, 2, '2017-05-19 08:48:01'),
(97, 1, 5, 3, '2017-04-04 04:05:27'),
(97, 2, 8, 3, '2017-04-04 04:05:27'),
(97, 3, 4, 1, '2017-04-04 04:05:27'),
(97, 4, 8, 1, '2017-04-04 04:05:27'),
(97, 5, 5, 3, '2017-04-04 04:05:27'),
(97, 6, 7, 1, '2017-04-04 04:05:27'),
(97, 7, 2, 1, '2017-04-04 04:05:27'),
(97, 8, 5, 3, '2017-04-04 04:05:27'),
(97, 9, 8, 1, '2017-04-04 04:05:27'),
(97, 10, 7, 1, '2017-04-11 08:11:33'),
(97, 11, 6, 1, '2017-04-11 08:11:33'),
(97, 12, 5, 3, '2017-04-11 08:11:33'),
(97, 13, 3, 2, '2017-04-11 08:11:33'),
(97, 14, 7, 1, '2017-04-11 08:11:33'),
(97, 15, 6, 1, '2017-04-11 08:11:33'),
(97, 16, 2, 2, '2017-04-11 08:11:33'),
(97, 17, 5, 1, '2017-04-11 08:11:33'),
(97, 18, 1, 3, '2017-04-11 08:11:33'),
(97, 19, 7, 1, '2017-04-11 08:11:33'),
(97, 20, 5, 3, '2017-04-11 08:11:33'),
(97, 21, 7, 2, '2017-04-18 06:34:36'),
(97, 22, 6, 2, '2017-04-18 06:34:36'),
(97, 23, 4, 2, '2017-04-18 06:34:36'),
(97, 24, 8, 1, '2017-04-18 06:34:36'),
(97, 25, 2, 1, '2017-04-18 06:34:36'),
(97, 26, 3, 2, '2017-04-18 06:34:36'),
(97, 27, 5, 3, '2017-04-18 06:34:36'),
(97, 28, 8, 3, '2017-04-18 06:34:36'),
(97, 29, 5, 1, '2017-04-18 06:34:36'),
(97, 30, 8, 1, '2017-04-25 13:01:37'),
(97, 31, 5, 1, '2017-04-25 13:01:37'),
(97, 32, 4, 3, '2017-04-25 13:01:37'),
(97, 33, 7, 3, '2017-04-25 13:01:37'),
(97, 34, 5, 1, '2017-04-25 13:01:37'),
(97, 35, 3, 2, '2017-04-25 13:01:37'),
(97, 36, 6, 1, '2017-04-25 13:01:37'),
(97, 37, 7, 1, '2017-04-25 13:01:37'),
(97, 38, 5, 1, '2017-04-25 13:01:37'),
(97, 39, 8, 1, '2017-04-25 13:01:37'),
(97, 40, 7, 1, '2017-04-25 13:01:37'),
(97, 41, 8, 1, '2017-05-03 09:21:50'),
(97, 42, 3, 2, '2017-05-03 09:21:50'),
(97, 43, 6, 2, '2017-05-03 09:21:50'),
(97, 44, 7, 2, '2017-05-03 09:21:50'),
(97, 45, 2, 2, '2017-05-03 09:21:50'),
(97, 46, 4, 1, '2017-05-03 09:21:50'),
(97, 47, 6, 3, '2017-05-03 09:21:50'),
(97, 48, 7, 1, '2017-05-03 09:21:50'),
(97, 49, 4, 2, '2017-05-03 09:21:50'),
(97, 64, 1, 2, '2017-05-09 06:19:36'),
(97, 65, 2, 1, '2017-05-09 06:19:36'),
(97, 66, 8, 1, '2017-05-09 06:19:36'),
(97, 67, 7, 1, '2017-05-09 06:19:36'),
(97, 68, 4, 3, '2017-05-09 06:19:36'),
(97, 69, 8, 2, '2017-05-09 06:19:36'),
(97, 70, 5, 1, '2017-05-09 06:19:36'),
(97, 71, 2, 1, '2017-05-16 09:19:11'),
(97, 72, 7, 1, '2017-05-16 09:19:11'),
(97, 73, 4, 2, '2017-05-19 04:26:37'),
(97, 74, 8, 2, '2017-05-19 04:26:37'),
(97, 75, 8, 1, '2017-05-19 04:26:37'),
(99, 1, 5, 3, '2017-04-04 12:26:13'),
(99, 2, 8, 1, '2017-04-04 12:26:13'),
(99, 3, 4, 2, '2017-04-04 12:26:13'),
(99, 4, 8, 3, '2017-04-04 12:26:13'),
(99, 5, 5, 3, '2017-04-04 12:26:13'),
(99, 6, 7, 3, '2017-04-04 12:26:13'),
(99, 7, 2, 3, '2017-04-04 12:26:13'),
(99, 8, 5, 3, '2017-04-04 12:26:13'),
(99, 9, 1, 3, '2017-04-04 12:26:13'),
(99, 10, 7, 1, '2017-04-10 06:09:40'),
(99, 11, 4, 1, '2017-04-10 06:09:40'),
(99, 12, 5, 2, '2017-04-10 06:09:40'),
(99, 13, 8, 3, '2017-04-10 06:09:40'),
(99, 14, 4, 1, '2017-04-10 06:09:40'),
(99, 15, 6, 1, '2017-04-10 06:09:40'),
(99, 16, 2, 3, '2017-04-10 06:09:40'),
(99, 17, 8, 1, '2017-04-10 06:09:40'),
(99, 18, 4, 3, '2017-04-10 06:09:40'),
(99, 19, 7, 3, '2017-04-10 06:09:40'),
(99, 20, 5, 1, '2017-04-10 06:09:40'),
(99, 21, 7, 3, '2017-04-17 06:15:19'),
(99, 22, 2, 2, '2017-04-17 06:15:19'),
(99, 23, 4, 2, '2017-04-17 06:15:19'),
(99, 24, 8, 1, '2017-04-17 06:15:19'),
(99, 25, 2, 3, '2017-04-17 06:15:19'),
(99, 26, 3, 1, '2017-04-17 06:15:19'),
(99, 27, 4, 2, '2017-04-17 06:15:19'),
(99, 28, 2, 1, '2017-04-17 06:15:19'),
(99, 29, 5, 3, '2017-04-17 06:15:19'),
(99, 30, 4, 3, '2017-04-25 04:52:21'),
(99, 31, 5, 2, '2017-04-25 04:52:21'),
(99, 32, 4, 2, '2017-04-25 04:52:21'),
(99, 33, 7, 1, '2017-04-25 04:52:21'),
(99, 34, 8, 2, '2017-04-25 04:52:21'),
(99, 35, 2, 1, '2017-04-25 04:52:21'),
(99, 36, 1, 1, '2017-04-25 04:52:21'),
(99, 37, 7, 3, '2017-04-25 04:52:21'),
(99, 38, 2, 2, '2017-04-25 04:52:21'),
(99, 39, 8, 3, '2017-04-25 04:52:21'),
(99, 40, 1, 3, '2017-04-25 04:52:21'),
(99, 41, 4, 3, '2017-05-03 14:15:24'),
(99, 42, 1, 3, '2017-05-03 14:15:24'),
(99, 43, 6, 2, '2017-05-03 14:15:24'),
(99, 44, 7, 2, '2017-05-03 14:15:24'),
(99, 45, 2, 2, '2017-05-03 14:15:24'),
(99, 46, 4, 1, '2017-05-03 14:15:24'),
(99, 47, 3, 3, '2017-05-03 14:15:24'),
(99, 48, 7, 3, '2017-05-03 14:15:24'),
(99, 49, 4, 3, '2017-05-03 14:15:24'),
(99, 64, 1, 3, '2017-05-09 06:02:12'),
(99, 65, 2, 1, '2017-05-09 06:02:12'),
(99, 66, 8, 1, '2017-05-09 06:02:12'),
(99, 67, 7, 3, '2017-05-09 06:02:12'),
(99, 68, 4, 3, '2017-05-09 06:02:12'),
(99, 69, 8, 3, '2017-05-09 06:02:12'),
(99, 70, 1, 3, '2017-05-09 06:02:12'),
(99, 71, 2, 1, '2017-05-16 09:30:47'),
(99, 72, 7, 2, '2017-05-16 09:30:47'),
(99, 73, 2, 2, '2017-05-19 09:57:27'),
(99, 74, 8, 2, '2017-05-19 09:57:27'),
(99, 75, 8, 2, '2017-05-19 09:57:27'),
(100, 1, 5, 3, '2017-04-04 11:09:15'),
(100, 2, 8, 3, '2017-04-04 11:09:15'),
(100, 3, 4, 1, '2017-04-04 11:09:15'),
(100, 4, 8, 1, '2017-04-04 11:09:15'),
(100, 5, 5, 3, '2017-04-04 11:09:15'),
(100, 6, 7, 1, '2017-04-04 11:09:15'),
(100, 7, 2, 1, '2017-04-04 11:09:15'),
(100, 8, 5, 3, '2017-04-04 11:09:15'),
(100, 9, 8, 1, '2017-04-04 11:09:15'),
(100, 10, 7, 1, '2017-04-11 09:43:03'),
(100, 11, 6, 1, '2017-04-11 09:43:03'),
(100, 12, 5, 3, '2017-04-11 09:43:03'),
(100, 13, 3, 2, '2017-04-11 09:43:03'),
(100, 14, 7, 1, '2017-04-11 09:43:03'),
(100, 15, 6, 1, '2017-04-11 09:43:03'),
(100, 16, 2, 2, '2017-04-11 09:43:03'),
(100, 17, 5, 1, '2017-04-11 09:43:03'),
(100, 18, 1, 3, '2017-04-11 09:43:03'),
(100, 19, 7, 1, '2017-04-11 09:43:03'),
(100, 20, 5, 3, '2017-04-11 09:43:03'),
(100, 21, 7, 3, '2017-04-18 09:41:28'),
(100, 22, 6, 2, '2017-04-18 09:41:28'),
(100, 23, 4, 3, '2017-04-18 09:41:28'),
(100, 24, 7, 1, '2017-04-18 09:41:28'),
(100, 25, 2, 3, '2017-04-18 09:41:28'),
(100, 26, 6, 1, '2017-04-18 09:41:28'),
(100, 27, 4, 2, '2017-04-18 09:41:28'),
(100, 28, 2, 3, '2017-04-18 09:41:28'),
(100, 29, 7, 3, '2017-04-18 09:41:28'),
(100, 30, 4, 2, '2017-04-26 04:55:49'),
(100, 31, 5, 1, '2017-04-26 04:55:49'),
(100, 32, 1, 3, '2017-04-26 04:55:49'),
(100, 33, 7, 3, '2017-04-26 04:55:49'),
(100, 34, 8, 2, '2017-04-26 04:55:49'),
(100, 35, 2, 1, '2017-04-26 04:55:49'),
(100, 36, 1, 2, '2017-04-26 04:55:49'),
(100, 37, 7, 2, '2017-04-26 04:55:49'),
(100, 38, 2, 3, '2017-04-26 04:55:49'),
(100, 39, 8, 3, '2017-04-26 04:55:49'),
(100, 40, 7, 1, '2017-04-26 04:55:49'),
(100, 41, 8, 1, '2017-05-03 09:37:11'),
(100, 42, 3, 2, '2017-05-03 09:37:11'),
(100, 43, 6, 2, '2017-05-03 09:37:11'),
(100, 44, 7, 2, '2017-05-03 09:37:11'),
(100, 45, 2, 2, '2017-05-03 09:37:11'),
(100, 46, 4, 1, '2017-05-03 09:37:11'),
(100, 47, 6, 3, '2017-05-03 09:37:11'),
(100, 48, 7, 1, '2017-05-03 09:37:11'),
(100, 49, 4, 2, '2017-05-03 09:37:11'),
(100, 64, 3, 3, '2017-05-10 10:33:53'),
(100, 65, 2, 3, '2017-05-10 10:33:53'),
(100, 66, 1, 1, '2017-05-10 10:33:53'),
(100, 67, 7, 2, '2017-05-10 10:33:53'),
(100, 68, 2, 3, '2017-05-10 10:33:53'),
(100, 69, 6, 3, '2017-05-10 10:33:53'),
(100, 70, 5, 3, '2017-05-10 10:33:53'),
(100, 71, 2, 1, '2017-05-16 08:13:52'),
(100, 72, 7, 1, '2017-05-16 08:13:52'),
(100, 73, 2, 1, '2017-05-19 05:16:58'),
(100, 74, 2, 2, '2017-05-19 05:16:58'),
(100, 75, 8, 2, '2017-05-19 05:16:58'),
(101, 1, 5, 1, '2017-04-04 04:55:25'),
(101, 2, 8, 1, '2017-04-04 04:55:25'),
(101, 3, 4, 1, '2017-04-04 04:55:25'),
(101, 4, 6, 2, '2017-04-04 04:55:25'),
(101, 5, 5, 1, '2017-04-04 04:55:25'),
(101, 6, 7, 1, '2017-04-04 04:55:25'),
(101, 7, 2, 1, '2017-04-04 04:55:25'),
(101, 8, 6, 1, '2017-04-04 04:55:25'),
(101, 9, 8, 1, '2017-04-04 04:55:25'),
(101, 10, 2, 1, '2017-04-11 09:45:32'),
(101, 11, 4, 1, '2017-04-11 09:45:32'),
(101, 12, 5, 1, '2017-04-11 09:45:32'),
(101, 13, 8, 1, '2017-04-11 09:45:32'),
(101, 14, 4, 1, '2017-04-11 09:45:32'),
(101, 15, 6, 1, '2017-04-11 09:45:32'),
(101, 16, 2, 1, '2017-04-11 09:45:32'),
(101, 17, 5, 1, '2017-04-11 09:45:32'),
(101, 18, 4, 2, '2017-04-11 09:45:32'),
(101, 19, 7, 2, '2017-04-11 09:45:32'),
(101, 20, 3, 1, '2017-04-11 09:45:32'),
(101, 21, 7, 1, '2017-04-18 09:07:24'),
(101, 22, 2, 2, '2017-04-18 09:07:24'),
(101, 23, 4, 1, '2017-04-18 09:07:24'),
(101, 24, 8, 1, '2017-04-18 09:07:24'),
(101, 25, 2, 1, '2017-04-18 09:07:24'),
(101, 26, 6, 2, '2017-04-18 09:07:24'),
(101, 27, 4, 1, '2017-04-18 09:07:24'),
(101, 28, 2, 1, '2017-04-18 09:07:24'),
(101, 29, 5, 1, '2017-04-18 09:07:24'),
(101, 30, 4, 2, '2017-04-25 06:48:05'),
(101, 31, 5, 2, '2017-04-25 06:48:05'),
(101, 32, 4, 2, '2017-04-25 06:48:05'),
(101, 33, 6, 1, '2017-04-25 06:48:05'),
(101, 34, 8, 1, '2017-04-25 06:48:05'),
(101, 35, 2, 2, '2017-04-25 06:48:05'),
(101, 36, 6, 2, '2017-04-25 06:48:05'),
(101, 37, 7, 2, '2017-04-25 06:48:05'),
(101, 38, 2, 2, '2017-04-25 06:48:05'),
(101, 39, 8, 2, '2017-04-25 06:48:05'),
(101, 40, 1, 1, '2017-04-25 06:48:05'),
(101, 41, 4, 1, '2017-05-03 10:00:47'),
(101, 42, 3, 1, '2017-05-03 10:00:47'),
(101, 43, 5, 2, '2017-05-03 10:00:47'),
(101, 44, 7, 1, '2017-05-03 10:00:47'),
(101, 45, 2, 2, '2017-05-03 10:00:47'),
(101, 46, 4, 1, '2017-05-03 10:00:47'),
(101, 47, 6, 1, '2017-05-03 10:00:47'),
(101, 48, 7, 2, '2017-05-03 10:00:47'),
(101, 49, 4, 1, '2017-05-03 10:00:47'),
(101, 64, 1, 2, '2017-05-10 08:46:26'),
(101, 65, 2, 2, '2017-05-10 08:46:26'),
(101, 66, 8, 2, '2017-05-10 08:46:26'),
(101, 67, 7, 1, '2017-05-10 08:46:26'),
(101, 68, 4, 1, '2017-05-10 08:46:26'),
(101, 69, 8, 2, '2017-05-10 08:46:26'),
(101, 70, 1, 1, '2017-05-10 08:46:26'),
(101, 71, 2, 2, '2017-05-16 09:32:48'),
(101, 72, 4, 1, '2017-05-16 09:32:48'),
(101, 73, 2, 1, '2017-05-19 04:44:29'),
(101, 74, 2, 1, '2017-05-19 04:44:29'),
(101, 75, 8, 2, '2017-05-19 04:44:29'),
(102, 1, 5, 3, '2017-04-03 12:57:02'),
(102, 2, 2, 3, '2017-04-03 12:57:02'),
(102, 3, 3, 1, '2017-04-03 12:57:02'),
(102, 4, 8, 1, '2017-04-03 12:57:02'),
(102, 5, 5, 3, '2017-04-03 12:57:02'),
(102, 6, 3, 1, '2017-04-03 12:57:02'),
(102, 7, 2, 1, '2017-04-03 12:57:02'),
(102, 8, 5, 1, '2017-04-03 12:57:02'),
(102, 9, 8, 1, '2017-04-03 12:57:02'),
(102, 10, 2, 3, '2017-04-10 11:42:53'),
(102, 11, 6, 1, '2017-04-10 11:42:53'),
(102, 12, 2, 2, '2017-04-10 11:42:53'),
(102, 13, 8, 1, '2017-04-10 11:42:53'),
(102, 14, 7, 1, '2017-04-10 11:42:53'),
(102, 15, 6, 1, '2017-04-10 11:42:53'),
(102, 16, 2, 3, '2017-04-10 11:42:53'),
(102, 17, 8, 2, '2017-04-10 11:42:53'),
(102, 18, 4, 3, '2017-04-10 11:42:53'),
(102, 19, 7, 1, '2017-04-10 11:42:53'),
(102, 20, 5, 1, '2017-04-10 11:42:53'),
(102, 21, 7, 2, '2017-04-17 10:47:14'),
(102, 22, 2, 2, '2017-04-17 10:47:14'),
(102, 23, 3, 1, '2017-04-17 10:47:14'),
(102, 24, 8, 1, '2017-04-17 10:47:14'),
(102, 25, 2, 2, '2017-04-17 10:47:14'),
(102, 26, 3, 3, '2017-04-17 10:47:14'),
(102, 27, 5, 3, '2017-04-17 10:47:14'),
(102, 28, 2, 3, '2017-04-17 10:47:14'),
(102, 29, 5, 1, '2017-04-17 10:47:14'),
(102, 30, 8, 2, '2017-04-25 05:06:37'),
(102, 31, 5, 2, '2017-04-25 05:06:37'),
(102, 32, 1, 2, '2017-04-25 05:06:37'),
(102, 33, 7, 2, '2017-04-25 05:06:37'),
(102, 34, 5, 1, '2017-04-25 05:06:37'),
(102, 35, 2, 2, '2017-04-25 05:06:37'),
(102, 36, 1, 3, '2017-04-25 05:06:37'),
(102, 37, 7, 2, '2017-04-25 05:06:37'),
(102, 38, 2, 1, '2017-04-25 05:06:37'),
(102, 39, 8, 2, '2017-04-25 05:06:37'),
(102, 40, 1, 1, '2017-04-25 05:06:37'),
(102, 41, 4, 1, '2017-05-03 05:00:02'),
(102, 42, 1, 2, '2017-05-03 05:00:02'),
(102, 43, 6, 2, '2017-05-03 05:00:02'),
(102, 44, 7, 1, '2017-05-03 05:00:02'),
(102, 45, 2, 3, '2017-05-03 05:00:02'),
(102, 46, 4, 1, '2017-05-03 05:00:02'),
(102, 47, 6, 2, '2017-05-03 05:00:02'),
(102, 48, 7, 1, '2017-05-03 05:00:02'),
(102, 49, 6, 1, '2017-05-03 05:00:02'),
(102, 64, 3, 2, '2017-05-09 09:23:49'),
(102, 65, 2, 1, '2017-05-09 09:23:49'),
(102, 66, 8, 1, '2017-05-09 09:23:49'),
(102, 67, 7, 2, '2017-05-09 09:23:49'),
(102, 68, 2, 3, '2017-05-09 09:23:49'),
(102, 69, 8, 2, '2017-05-09 09:23:49'),
(102, 70, 5, 3, '2017-05-09 09:23:49'),
(102, 71, 2, 1, '2017-05-16 09:35:12'),
(102, 72, 7, 2, '2017-05-16 09:35:12'),
(102, 73, 2, 1, '2017-05-19 11:44:53'),
(102, 74, 2, 2, '2017-05-19 11:44:53'),
(102, 75, 4, 1, '2017-05-19 11:44:53'),
(103, 1, 7, 2, '2017-03-31 12:58:54'),
(103, 2, 2, 2, '2017-03-31 12:58:54'),
(103, 3, 3, 1, '2017-03-31 12:58:54'),
(103, 4, 8, 2, '2017-03-31 12:58:54'),
(103, 5, 5, 1, '2017-03-31 12:58:54'),
(103, 6, 7, 1, '2017-03-31 12:58:54'),
(103, 7, 2, 2, '2017-03-31 12:58:54'),
(103, 8, 5, 2, '2017-03-31 12:58:54'),
(103, 9, 8, 1, '2017-03-31 12:58:54'),
(103, 10, 7, 1, '2017-04-11 08:42:14'),
(103, 11, 4, 1, '2017-04-11 08:42:14'),
(103, 12, 5, 1, '2017-04-11 08:42:14'),
(103, 13, 8, 1, '2017-04-11 08:42:14'),
(103, 14, 7, 1, '2017-04-11 08:42:14'),
(103, 15, 6, 3, '2017-04-11 08:42:14'),
(103, 16, 2, 2, '2017-04-11 08:42:14'),
(103, 17, 5, 1, '2017-04-11 08:42:14'),
(103, 18, 4, 1, '2017-04-11 08:42:14'),
(103, 19, 7, 1, '2017-04-11 08:42:14'),
(103, 20, 5, 1, '2017-04-11 08:42:14'),
(103, 21, 7, 1, '2017-04-19 07:40:12'),
(103, 22, 2, 2, '2017-04-19 07:40:12'),
(103, 23, 4, 1, '2017-04-19 07:40:12'),
(103, 24, 7, 1, '2017-04-19 07:40:12'),
(103, 25, 2, 3, '2017-04-19 07:40:12'),
(103, 26, 3, 1, '2017-04-19 07:40:12'),
(103, 27, 4, 2, '2017-04-19 07:40:12'),
(103, 28, 2, 1, '2017-04-19 07:40:12'),
(103, 29, 5, 1, '2017-04-19 07:40:12'),
(103, 30, 4, 2, '2017-04-25 06:24:35'),
(103, 31, 3, 2, '2017-04-25 06:24:35'),
(103, 32, 4, 3, '2017-04-25 06:24:35'),
(103, 33, 7, 2, '2017-04-25 06:24:35'),
(103, 34, 5, 1, '2017-04-25 06:24:35'),
(103, 35, 2, 1, '2017-04-25 06:24:35'),
(103, 36, 6, 1, '2017-04-25 06:24:35'),
(103, 37, 7, 2, '2017-04-25 06:24:35'),
(103, 38, 2, 1, '2017-04-25 06:24:35'),
(103, 39, 8, 2, '2017-04-25 06:24:35'),
(103, 40, 7, 1, '2017-04-25 06:24:35'),
(103, 41, 4, 1, '2017-05-02 07:21:49'),
(103, 42, 3, 2, '2017-05-02 07:21:49'),
(103, 43, 6, 1, '2017-05-02 07:21:49'),
(103, 44, 7, 1, '2017-05-02 07:21:49'),
(103, 45, 2, 2, '2017-05-02 07:21:49'),
(103, 46, 4, 1, '2017-05-02 07:21:49'),
(103, 47, 6, 1, '2017-05-02 07:21:49'),
(103, 48, 2, 1, '2017-05-02 07:21:49'),
(103, 49, 4, 3, '2017-05-02 07:21:49'),
(103, 64, 1, 2, '2017-05-08 07:56:00'),
(103, 65, 2, 1, '2017-05-08 07:56:00'),
(103, 66, 8, 3, '2017-05-08 07:56:00'),
(103, 67, 7, 2, '2017-05-08 07:56:00'),
(103, 68, 4, 1, '2017-05-08 07:56:00'),
(103, 69, 8, 3, '2017-05-08 07:56:00'),
(103, 70, 5, 1, '2017-05-08 07:56:00'),
(103, 71, 8, 2, '2017-05-15 08:21:47'),
(103, 72, 4, 1, '2017-05-15 08:21:47'),
(103, 73, 4, 2, '2017-05-18 09:58:02'),
(103, 74, 8, 2, '2017-05-18 09:58:02'),
(103, 75, 8, 2, '2017-05-18 09:58:02'),
(104, 1, 7, 3, '2017-04-04 06:42:44'),
(104, 2, 8, 3, '2017-04-04 06:42:44'),
(104, 3, 3, 3, '2017-04-04 06:42:44'),
(104, 4, 8, 3, '2017-04-04 06:42:44'),
(104, 5, 5, 3, '2017-04-04 06:42:44'),
(104, 6, 3, 3, '2017-04-04 06:42:44');
INSERT INTO `predictions` (`userid`, `matchid`, `teamid`, `answer`, `dtcreated`) VALUES
(104, 7, 2, 3, '2017-04-04 06:42:44'),
(104, 8, 5, 3, '2017-04-04 06:42:44'),
(104, 9, 8, 3, '2017-04-04 06:42:44'),
(104, 10, 2, 3, '2017-04-10 07:29:35'),
(104, 11, 4, 3, '2017-04-10 07:29:35'),
(104, 12, 5, 3, '2017-04-10 07:29:35'),
(104, 13, 8, 3, '2017-04-10 07:29:35'),
(104, 14, 7, 3, '2017-04-10 07:29:35'),
(104, 15, 1, 3, '2017-04-10 07:29:35'),
(104, 16, 2, 3, '2017-04-10 07:29:35'),
(104, 17, 5, 3, '2017-04-10 07:29:35'),
(104, 18, 1, 3, '2017-04-10 07:29:35'),
(104, 19, 7, 3, '2017-04-10 07:29:35'),
(104, 20, 5, 3, '2017-04-10 07:29:35'),
(104, 21, 7, 3, '2017-04-18 09:49:11'),
(104, 22, 2, 1, '2017-04-18 09:49:11'),
(104, 23, 4, 3, '2017-04-18 09:49:11'),
(104, 24, 8, 1, '2017-04-18 09:49:11'),
(104, 25, 2, 3, '2017-04-18 09:49:11'),
(104, 26, 3, 1, '2017-04-18 09:49:11'),
(104, 27, 4, 1, '2017-04-18 09:49:11'),
(104, 28, 2, 3, '2017-04-18 09:49:11'),
(104, 29, 7, 1, '2017-04-18 09:49:11'),
(104, 30, 8, 3, '2017-04-25 07:33:08'),
(104, 31, 3, 2, '2017-04-25 07:33:08'),
(104, 32, 4, 1, '2017-04-25 07:33:08'),
(104, 33, 7, 3, '2017-04-25 07:33:08'),
(104, 34, 8, 1, '2017-04-25 07:33:08'),
(104, 35, 2, 1, '2017-04-25 07:33:08'),
(104, 36, 6, 3, '2017-04-25 07:33:08'),
(104, 37, 7, 3, '2017-04-25 07:33:08'),
(104, 38, 2, 1, '2017-04-25 07:33:08'),
(104, 39, 8, 3, '2017-04-25 07:33:08'),
(104, 40, 7, 1, '2017-04-25 07:33:08'),
(104, 41, 4, 3, '2017-05-03 07:50:09'),
(104, 42, 1, 2, '2017-05-03 07:50:09'),
(104, 43, 6, 1, '2017-05-03 07:50:09'),
(104, 44, 7, 1, '2017-05-03 07:50:09'),
(104, 45, 2, 2, '2017-05-03 07:50:09'),
(104, 46, 4, 1, '2017-05-03 07:50:09'),
(104, 47, 6, 1, '2017-05-03 07:50:09'),
(104, 48, 7, 3, '2017-05-03 07:50:09'),
(104, 49, 4, 3, '2017-05-03 07:50:09'),
(104, 64, 3, 3, '2017-05-09 07:29:35'),
(104, 65, 2, 1, '2017-05-09 07:29:35'),
(104, 66, 8, 1, '2017-05-09 07:29:35'),
(104, 67, 7, 3, '2017-05-09 07:29:35'),
(104, 68, 4, 1, '2017-05-09 07:29:35'),
(104, 69, 8, 3, '2017-05-09 07:29:35'),
(104, 70, 1, 3, '2017-05-09 07:29:35'),
(104, 71, 2, 1, '2017-05-16 05:56:47'),
(104, 72, 7, 1, '2017-05-16 05:56:47'),
(104, 73, 2, 2, '2017-05-18 09:54:33'),
(104, 74, 8, 1, '2017-05-18 09:54:33'),
(104, 75, 8, 1, '2017-05-18 09:54:33'),
(105, 1, 5, 1, '2017-04-04 04:24:16'),
(105, 2, 8, 1, '2017-04-04 04:24:16'),
(105, 3, 3, 1, '2017-04-04 04:24:16'),
(105, 4, 6, 2, '2017-04-04 04:24:16'),
(105, 5, 1, 2, '2017-04-04 04:24:16'),
(105, 6, 7, 1, '2017-04-04 04:24:16'),
(105, 7, 2, 1, '2017-04-04 04:24:16'),
(105, 8, 5, 1, '2017-04-04 04:24:16'),
(105, 9, 8, 1, '2017-04-04 04:24:16'),
(105, 10, 7, 1, '2017-04-11 10:47:39'),
(105, 11, 4, 1, '2017-04-11 10:47:39'),
(105, 12, 5, 2, '2017-04-11 10:47:39'),
(105, 13, 8, 1, '2017-04-11 10:47:39'),
(105, 14, 4, 1, '2017-04-11 10:47:39'),
(105, 15, 1, 2, '2017-04-11 10:47:39'),
(105, 16, 2, 2, '2017-04-11 10:47:39'),
(105, 17, 8, 1, '2017-04-11 10:47:39'),
(105, 18, 4, 1, '2017-04-11 10:47:39'),
(105, 19, 7, 1, '2017-04-11 10:47:39'),
(105, 20, 3, 1, '2017-04-11 10:47:39'),
(105, 21, 7, 2, '2017-04-18 04:41:13'),
(105, 22, 2, 2, '2017-04-18 04:41:13'),
(105, 23, 4, 3, '2017-04-18 04:41:13'),
(105, 24, 8, 1, '2017-04-18 04:41:13'),
(105, 25, 2, 1, '2017-04-18 04:41:13'),
(105, 26, 3, 1, '2017-04-18 04:41:13'),
(105, 27, 4, 1, '2017-04-18 04:41:13'),
(105, 28, 8, 2, '2017-04-18 04:41:13'),
(105, 29, 5, 1, '2017-04-18 04:41:13'),
(105, 30, 8, 1, '2017-04-25 05:00:41'),
(105, 31, 5, 2, '2017-04-25 05:00:41'),
(105, 32, 4, 3, '2017-04-25 05:00:41'),
(105, 33, 6, 1, '2017-04-25 05:00:41'),
(105, 34, 8, 1, '2017-04-25 05:00:41'),
(105, 35, 3, 3, '2017-04-25 05:00:41'),
(105, 36, 6, 1, '2017-04-25 05:00:41'),
(105, 37, 7, 3, '2017-04-25 05:00:41'),
(105, 38, 2, 2, '2017-04-25 05:00:41'),
(105, 39, 8, 3, '2017-04-25 05:00:41'),
(105, 40, 1, 1, '2017-04-25 05:00:41'),
(105, 41, 4, 1, '2017-05-03 06:17:17'),
(105, 42, 3, 1, '2017-05-03 06:17:17'),
(105, 43, 5, 2, '2017-05-03 06:17:17'),
(105, 44, 7, 1, '2017-05-03 06:17:17'),
(105, 45, 1, 1, '2017-05-03 06:17:17'),
(105, 46, 5, 1, '2017-05-03 06:17:17'),
(105, 47, 3, 1, '2017-05-03 06:17:17'),
(105, 48, 7, 3, '2017-05-03 06:17:17'),
(105, 49, 4, 1, '2017-05-03 06:17:17'),
(105, 64, 3, 1, '2017-05-10 03:57:41'),
(105, 65, 2, 1, '2017-05-10 03:57:41'),
(105, 66, 8, 1, '2017-05-10 03:57:41'),
(105, 67, 7, 2, '2017-05-10 03:57:41'),
(105, 68, 4, 3, '2017-05-10 03:57:41'),
(105, 69, 8, 3, '2017-05-10 03:57:41'),
(105, 70, 1, 1, '2017-05-10 03:57:41'),
(105, 71, 2, 1, '2017-05-16 08:05:36'),
(105, 72, 4, 1, '2017-05-16 08:05:36'),
(105, 73, 2, 2, '2017-05-18 09:44:21'),
(105, 74, 8, 1, '2017-05-18 09:44:21'),
(105, 75, 8, 2, '2017-05-18 09:44:21'),
(106, 1, 5, 1, '2017-04-04 06:10:18'),
(106, 2, 2, 2, '2017-04-04 06:10:18'),
(106, 3, 3, 1, '2017-04-04 06:10:18'),
(106, 4, 8, 1, '2017-04-04 06:10:18'),
(106, 5, 5, 2, '2017-04-04 06:10:18'),
(106, 6, 3, 1, '2017-04-04 06:10:18'),
(106, 7, 2, 1, '2017-04-04 06:10:18'),
(106, 8, 5, 2, '2017-04-04 06:10:18'),
(106, 9, 8, 1, '2017-04-04 06:10:18'),
(106, 10, 7, 1, '2017-04-12 05:52:46'),
(106, 11, 4, 3, '2017-04-12 05:52:46'),
(106, 12, 5, 3, '2017-04-12 05:52:46'),
(106, 13, 3, 3, '2017-04-12 05:52:46'),
(106, 14, 7, 1, '2017-04-12 05:52:46'),
(106, 15, 1, 3, '2017-04-12 05:52:46'),
(106, 16, 3, 3, '2017-04-12 05:52:46'),
(106, 17, 8, 3, '2017-04-12 05:52:46'),
(106, 18, 1, 3, '2017-04-12 05:52:46'),
(106, 19, 7, 3, '2017-04-12 05:52:46'),
(106, 20, 5, 1, '2017-04-12 05:52:46'),
(106, 21, 7, 3, '2017-04-18 10:27:05'),
(106, 22, 2, 2, '2017-04-18 10:27:05'),
(106, 23, 3, 3, '2017-04-18 10:27:05'),
(106, 24, 7, 1, '2017-04-18 10:27:05'),
(106, 25, 2, 3, '2017-04-18 10:27:05'),
(106, 26, 6, 1, '2017-04-18 10:27:05'),
(106, 27, 4, 2, '2017-04-18 10:27:05'),
(106, 28, 2, 3, '2017-04-18 10:27:05'),
(106, 29, 7, 3, '2017-04-18 10:27:05'),
(106, 30, 4, 2, '2017-04-25 05:16:30'),
(106, 31, 5, 3, '2017-04-25 05:16:30'),
(106, 32, 4, 1, '2017-04-25 05:16:30'),
(106, 33, 6, 1, '2017-04-25 05:16:30'),
(106, 34, 5, 2, '2017-04-25 05:16:30'),
(106, 35, 2, 1, '2017-04-25 05:16:30'),
(106, 36, 1, 2, '2017-04-25 05:16:30'),
(106, 37, 7, 1, '2017-04-25 05:16:30'),
(106, 38, 2, 2, '2017-04-25 05:16:30'),
(106, 39, 8, 2, '2017-04-25 05:16:30'),
(106, 40, 7, 1, '2017-04-25 05:16:30'),
(106, 42, 3, 3, '2017-05-04 09:41:38'),
(106, 43, 6, 3, '2017-05-04 09:41:38'),
(106, 44, 7, 2, '2017-05-04 09:41:38'),
(106, 45, 2, 2, '2017-05-04 09:41:38'),
(106, 46, 4, 1, '2017-05-04 09:41:38'),
(106, 47, 6, 1, '2017-05-04 09:41:38'),
(106, 48, 2, 1, '2017-05-04 09:41:38'),
(106, 49, 4, 1, '2017-05-04 09:41:38'),
(106, 64, 1, 1, '2017-05-10 04:22:57'),
(106, 65, 2, 1, '2017-05-10 04:22:57'),
(106, 66, 1, 2, '2017-05-10 04:22:57'),
(106, 67, 3, 2, '2017-05-10 04:22:57'),
(106, 68, 2, 2, '2017-05-10 04:22:57'),
(106, 69, 6, 3, '2017-05-10 04:22:57'),
(106, 70, 1, 2, '2017-05-10 04:22:57'),
(106, 71, 2, 1, '2017-05-15 08:21:11'),
(106, 72, 4, 1, '2017-05-15 08:21:11'),
(106, 73, 2, 1, '2017-05-19 06:40:24'),
(106, 74, 8, 1, '2017-05-19 06:40:24'),
(106, 75, 8, 1, '2017-05-19 06:40:24'),
(107, 1, 5, 3, '2017-04-04 04:07:08'),
(107, 2, 8, 3, '2017-04-04 04:07:08'),
(107, 3, 4, 2, '2017-04-04 04:07:08'),
(107, 4, 6, 3, '2017-04-04 04:07:08'),
(107, 5, 5, 3, '2017-04-04 04:07:08'),
(107, 6, 7, 3, '2017-04-04 04:07:08'),
(107, 7, 2, 3, '2017-04-04 04:07:08'),
(107, 8, 5, 3, '2017-04-04 04:07:08'),
(107, 9, 1, 1, '2017-04-04 04:07:08'),
(107, 10, 7, 1, '2017-04-11 15:02:30'),
(107, 11, 6, 2, '2017-04-11 15:02:30'),
(107, 12, 2, 2, '2017-04-11 15:02:30'),
(107, 13, 8, 1, '2017-04-11 15:02:30'),
(107, 14, 7, 1, '2017-04-11 15:02:30'),
(107, 15, 1, 3, '2017-04-11 15:02:30'),
(107, 16, 2, 3, '2017-04-11 15:02:30'),
(107, 17, 5, 3, '2017-04-11 15:02:30'),
(107, 18, 4, 3, '2017-04-11 15:02:30'),
(107, 19, 6, 1, '2017-04-11 15:02:30'),
(107, 20, 3, 3, '2017-04-11 15:02:30'),
(107, 21, 7, 3, '2017-04-18 11:07:42'),
(107, 22, 6, 2, '2017-04-18 11:07:42'),
(107, 23, 3, 3, '2017-04-18 11:07:42'),
(107, 24, 8, 3, '2017-04-18 11:07:42'),
(107, 25, 2, 3, '2017-04-18 11:07:42'),
(107, 26, 6, 1, '2017-04-18 11:07:42'),
(107, 27, 5, 3, '2017-04-18 11:07:42'),
(107, 28, 8, 2, '2017-04-18 11:07:42'),
(107, 29, 5, 2, '2017-04-18 11:07:42'),
(107, 30, 8, 2, '2017-04-26 05:56:53'),
(107, 31, 3, 2, '2017-04-26 05:56:53'),
(107, 32, 4, 2, '2017-04-26 05:56:53'),
(107, 33, 6, 2, '2017-04-26 05:56:53'),
(107, 34, 8, 1, '2017-04-26 05:56:53'),
(107, 35, 3, 1, '2017-04-26 05:56:53'),
(107, 36, 6, 1, '2017-04-26 05:56:53'),
(107, 37, 7, 2, '2017-04-26 05:56:53'),
(107, 38, 2, 2, '2017-04-26 05:56:53'),
(107, 39, 8, 1, '2017-04-26 05:56:53'),
(107, 40, 7, 1, '2017-04-26 05:56:53'),
(107, 41, 8, 2, '2017-05-03 13:51:35'),
(107, 42, 1, 1, '2017-05-03 13:51:35'),
(107, 43, 5, 2, '2017-05-03 13:51:35'),
(107, 44, 7, 1, '2017-05-03 13:51:35'),
(107, 45, 2, 2, '2017-05-03 13:51:35'),
(107, 46, 4, 1, '2017-05-03 13:51:35'),
(107, 47, 6, 1, '2017-05-03 13:51:35'),
(107, 48, 7, 1, '2017-05-03 13:51:35'),
(107, 49, 4, 1, '2017-05-03 13:51:35'),
(107, 64, 3, 2, '2017-05-10 11:34:01'),
(107, 65, 6, 1, '2017-05-10 11:34:01'),
(107, 66, 8, 2, '2017-05-10 11:34:01'),
(107, 67, 7, 2, '2017-05-10 11:34:01'),
(107, 68, 2, 2, '2017-05-10 11:34:01'),
(107, 69, 8, 2, '2017-05-10 11:34:01'),
(107, 70, 5, 2, '2017-05-10 11:34:01'),
(107, 71, 8, 1, '2017-05-16 08:42:36'),
(107, 72, 7, 2, '2017-05-16 08:42:36'),
(107, 73, 4, 1, '2017-05-18 09:45:02'),
(107, 74, 2, 2, '2017-05-18 09:45:02'),
(107, 75, 4, 1, '2017-05-18 09:45:02'),
(108, 1, 5, 1, '2017-04-03 04:58:56'),
(108, 2, 2, 2, '2017-04-03 04:58:56'),
(108, 3, 4, 2, '2017-04-03 04:58:56'),
(108, 4, 6, 1, '2017-04-03 04:58:56'),
(108, 5, 5, 2, '2017-04-03 04:58:56'),
(108, 6, 3, 1, '2017-04-03 04:58:56'),
(108, 7, 4, 1, '2017-04-03 04:58:56'),
(108, 8, 6, 1, '2017-04-03 04:58:56'),
(108, 9, 8, 1, '2017-04-03 04:58:56'),
(108, 10, 7, 2, '2017-04-10 06:07:00'),
(108, 11, 6, 2, '2017-04-10 06:07:00'),
(108, 12, 5, 3, '2017-04-10 06:07:00'),
(108, 13, 8, 3, '2017-04-10 06:07:00'),
(108, 14, 4, 2, '2017-04-10 06:07:00'),
(108, 15, 1, 2, '2017-04-10 06:07:00'),
(108, 16, 2, 1, '2017-04-10 06:07:00'),
(108, 17, 5, 2, '2017-04-10 06:07:00'),
(108, 18, 4, 2, '2017-04-10 06:07:00'),
(108, 19, 6, 1, '2017-04-10 06:07:00'),
(108, 20, 5, 2, '2017-04-10 06:07:00'),
(108, 21, 7, 3, '2017-04-17 07:36:13'),
(108, 22, 2, 2, '2017-04-17 07:36:13'),
(108, 23, 4, 2, '2017-04-17 07:36:13'),
(108, 24, 7, 2, '2017-04-17 07:36:13'),
(108, 25, 1, 2, '2017-04-17 07:36:13'),
(108, 26, 6, 3, '2017-04-17 07:36:13'),
(108, 27, 4, 2, '2017-04-17 07:36:13'),
(108, 28, 2, 1, '2017-04-17 07:36:13'),
(108, 29, 5, 2, '2017-04-17 07:36:13'),
(108, 30, 4, 3, '2017-04-24 03:54:55'),
(108, 31, 5, 2, '2017-04-24 03:54:55'),
(108, 32, 4, 1, '2017-04-24 03:54:55'),
(108, 33, 6, 1, '2017-04-24 03:54:55'),
(108, 34, 5, 1, '2017-04-24 03:54:55'),
(108, 35, 2, 2, '2017-04-24 03:54:55'),
(108, 36, 1, 1, '2017-04-24 03:54:55'),
(108, 37, 4, 2, '2017-04-24 03:54:55'),
(108, 38, 5, 1, '2017-04-24 03:54:55'),
(108, 39, 8, 2, '2017-04-24 03:54:55'),
(108, 40, 7, 2, '2017-04-24 03:54:55'),
(108, 41, 8, 1, '2017-05-03 05:03:24'),
(108, 42, 3, 2, '2017-05-03 05:03:24'),
(108, 43, 5, 1, '2017-05-03 05:03:24'),
(108, 44, 8, 2, '2017-05-03 05:03:24'),
(108, 45, 2, 1, '2017-05-03 05:03:24'),
(108, 46, 4, 2, '2017-05-03 05:03:24'),
(108, 47, 3, 1, '2017-05-03 05:03:24'),
(108, 48, 7, 2, '2017-05-03 05:03:24'),
(108, 49, 4, 2, '2017-05-03 05:03:24'),
(108, 64, 3, 2, '2017-05-08 07:11:48'),
(108, 65, 2, 1, '2017-05-08 07:11:48'),
(108, 66, 8, 2, '2017-05-08 07:11:48'),
(108, 67, 3, 1, '2017-05-08 07:11:48'),
(108, 68, 4, 2, '2017-05-08 07:11:48'),
(108, 69, 6, 2, '2017-05-08 07:11:48'),
(108, 70, 5, 2, '2017-05-08 07:11:48'),
(108, 71, 2, 2, '2017-05-16 04:11:47'),
(108, 72, 7, 1, '2017-05-16 04:11:47'),
(108, 73, 4, 1, '2017-05-19 06:35:19'),
(108, 74, 2, 2, '2017-05-19 06:35:19'),
(108, 75, 4, 2, '2017-05-19 06:35:19'),
(109, 1, 5, 1, '2017-04-04 05:00:12'),
(109, 2, 2, 2, '2017-04-04 05:00:12'),
(109, 3, 3, 1, '2017-04-04 05:00:12'),
(109, 4, 8, 1, '2017-04-04 05:00:12'),
(109, 5, 5, 2, '2017-04-04 05:00:12'),
(109, 6, 3, 1, '2017-04-04 05:00:12'),
(109, 7, 2, 1, '2017-04-04 05:00:12'),
(109, 8, 5, 2, '2017-04-04 05:00:12'),
(109, 9, 8, 1, '2017-04-04 05:00:12'),
(109, 10, 2, 2, '2017-04-11 08:02:09'),
(109, 11, 6, 1, '2017-04-11 08:02:09'),
(109, 12, 2, 2, '2017-04-11 08:02:09'),
(109, 13, 8, 1, '2017-04-11 08:02:09'),
(109, 14, 7, 1, '2017-04-11 08:02:09'),
(109, 15, 6, 1, '2017-04-11 08:02:09'),
(109, 16, 2, 2, '2017-04-11 08:02:09'),
(109, 17, 5, 1, '2017-04-11 08:02:09'),
(109, 18, 4, 2, '2017-04-11 08:02:09'),
(109, 19, 6, 2, '2017-04-11 08:02:09'),
(109, 20, 5, 2, '2017-04-11 08:02:09'),
(109, 21, 7, 3, '2017-04-18 10:22:07'),
(109, 22, 2, 2, '2017-04-18 10:22:07'),
(109, 23, 4, 2, '2017-04-18 10:22:07'),
(109, 24, 7, 1, '2017-04-18 10:22:07'),
(109, 25, 2, 3, '2017-04-18 10:22:07'),
(109, 26, 6, 2, '2017-04-18 10:22:07'),
(109, 27, 4, 2, '2017-04-18 10:22:07'),
(109, 28, 2, 2, '2017-04-18 10:22:07'),
(109, 29, 7, 3, '2017-04-18 10:22:07'),
(109, 30, 8, 2, '2017-04-25 10:54:13'),
(109, 31, 5, 3, '2017-04-25 10:54:13'),
(109, 32, 4, 2, '2017-04-25 10:54:13'),
(109, 33, 7, 3, '2017-04-25 10:54:13'),
(109, 34, 5, 1, '2017-04-25 10:54:13'),
(109, 35, 2, 1, '2017-04-25 10:54:13'),
(109, 36, 1, 1, '2017-04-25 10:54:13'),
(109, 37, 7, 2, '2017-04-25 10:54:13'),
(109, 38, 2, 2, '2017-04-25 10:54:13'),
(109, 39, 8, 1, '2017-04-25 10:54:13'),
(109, 40, 7, 1, '2017-04-25 10:54:13'),
(109, 41, 4, 1, '2017-05-03 10:06:06'),
(109, 42, 3, 2, '2017-05-03 10:06:06'),
(109, 43, 5, 3, '2017-05-03 10:06:06'),
(109, 44, 7, 2, '2017-05-03 10:06:06'),
(109, 45, 2, 2, '2017-05-03 10:06:06'),
(109, 46, 4, 1, '2017-05-03 10:06:06'),
(109, 47, 3, 3, '2017-05-03 10:06:06'),
(109, 48, 2, 1, '2017-05-03 10:06:06'),
(109, 49, 4, 3, '2017-05-03 10:06:06'),
(109, 64, 1, 2, '2017-05-10 11:15:32'),
(109, 65, 2, 1, '2017-05-10 11:15:32'),
(109, 66, 8, 2, '2017-05-10 11:15:32'),
(109, 67, 7, 1, '2017-05-10 11:15:32'),
(109, 68, 2, 2, '2017-05-10 11:15:32'),
(109, 69, 6, 2, '2017-05-10 11:15:32'),
(109, 70, 5, 1, '2017-05-10 11:15:32'),
(109, 71, 2, 2, '2017-05-15 12:26:48'),
(109, 72, 7, 1, '2017-05-15 12:26:48'),
(109, 73, 2, 1, '2017-05-18 09:52:16'),
(109, 74, 2, 2, '2017-05-18 09:52:16'),
(109, 75, 8, 2, '2017-05-18 09:52:16'),
(110, 1, 5, 1, '2017-04-04 05:35:43'),
(110, 2, 2, 1, '2017-04-04 05:35:43'),
(110, 3, 4, 3, '2017-04-04 05:35:43'),
(110, 4, 6, 1, '2017-04-04 05:35:43'),
(110, 5, 5, 2, '2017-04-04 05:35:43'),
(110, 6, 7, 1, '2017-04-04 05:35:43'),
(110, 7, 2, 1, '2017-04-04 05:35:43'),
(110, 8, 5, 1, '2017-04-04 05:35:43'),
(110, 9, 1, 2, '2017-04-04 05:35:43'),
(110, 10, 2, 1, '2017-04-07 17:29:32'),
(110, 11, 6, 1, '2017-04-07 17:29:32'),
(110, 12, 2, 2, '2017-04-07 17:29:32'),
(110, 13, 8, 1, '2017-04-07 17:29:32'),
(110, 14, 4, 1, '2017-04-07 17:29:32'),
(110, 15, 1, 3, '2017-04-07 17:29:32'),
(110, 16, 2, 1, '2017-04-07 17:29:32'),
(110, 17, 8, 2, '2017-04-07 17:29:32'),
(110, 18, 4, 1, '2017-04-07 17:29:32'),
(110, 19, 7, 2, '2017-04-07 17:29:32'),
(110, 20, 5, 1, '2017-04-07 17:29:32'),
(110, 21, 7, 1, '2017-04-18 05:16:34'),
(110, 22, 2, 1, '2017-04-18 05:16:34'),
(110, 23, 4, 2, '2017-04-18 05:16:34'),
(110, 24, 7, 1, '2017-04-18 05:16:34'),
(110, 25, 2, 3, '2017-04-18 05:16:34'),
(110, 26, 6, 1, '2017-04-18 05:16:34'),
(110, 27, 4, 1, '2017-04-18 05:16:34'),
(110, 28, 2, 2, '2017-04-18 05:16:34'),
(110, 29, 7, 1, '2017-04-18 05:16:34'),
(110, 30, 8, 1, '2017-04-24 13:21:41'),
(110, 31, 5, 2, '2017-04-24 13:21:41'),
(110, 32, 4, 1, '2017-04-24 13:21:41'),
(110, 33, 6, 3, '2017-04-24 13:21:41'),
(110, 34, 8, 1, '2017-04-24 13:21:41'),
(110, 35, 2, 1, '2017-04-24 13:21:41'),
(110, 36, 6, 1, '2017-04-24 13:21:41'),
(110, 37, 7, 2, '2017-04-24 13:21:41'),
(110, 38, 2, 3, '2017-04-24 13:21:41'),
(110, 39, 8, 3, '2017-04-24 13:21:41'),
(110, 40, 1, 1, '2017-04-24 13:21:41'),
(110, 41, 4, 1, '2017-05-03 11:25:53'),
(110, 42, 3, 1, '2017-05-03 11:25:53'),
(110, 43, 6, 1, '2017-05-03 11:25:53'),
(110, 44, 7, 1, '2017-05-03 11:25:53'),
(110, 45, 2, 2, '2017-05-03 11:25:53'),
(110, 46, 4, 1, '2017-05-03 11:25:53'),
(110, 47, 6, 1, '2017-05-03 11:25:53'),
(110, 48, 7, 3, '2017-05-03 11:25:53'),
(110, 49, 4, 1, '2017-05-03 11:25:53'),
(110, 64, 3, 1, '2017-05-10 10:40:14'),
(110, 65, 2, 1, '2017-05-10 10:40:14'),
(110, 66, 8, 1, '2017-05-10 10:40:14'),
(110, 67, 7, 3, '2017-05-10 10:40:14'),
(110, 68, 4, 2, '2017-05-10 10:40:14'),
(110, 69, 8, 1, '2017-05-10 10:40:14'),
(110, 70, 1, 2, '2017-05-10 10:40:14'),
(110, 71, 2, 2, '2017-05-15 13:18:53'),
(110, 72, 7, 1, '2017-05-15 13:18:53'),
(110, 73, 2, 2, '2017-05-19 08:53:21'),
(110, 74, 8, 1, '2017-05-19 08:53:21'),
(110, 75, 8, 1, '2017-05-19 08:53:21');

-- --------------------------------------------------------

--
-- Table structure for table `results`
--

CREATE TABLE `results` (
  `mid` int(11) NOT NULL,
  `mresult` int(11) DEFAULT NULL,
  `qresult` tinyint(4) DEFAULT NULL
) ENGINE=InnoDB DEFAULT CHARSET=latin1;

--
-- Dumping data for table `results`
--

INSERT INTO `results` (`mid`, `mresult`, `qresult`) VALUES
(1, 7, 1),
(2, 8, 1),
(3, 4, 1),
(4, 6, 1),
(5, 5, 2),
(6, 7, 1),
(7, 2, 1),
(8, 6, 2),
(9, 1, 1),
(10, 2, 1),
(11, 4, 1),
(12, 2, 1),
(13, 3, 1),
(14, 4, 1),
(15, 1, 1),
(16, 2, 1),
(17, 8, 2),
(18, 4, 1),
(19, 7, 1),
(20, 5, 1),
(21, 7, 2),
(22, 2, 2),
(23, 3, 2),
(24, 8, 1),
(25, 2, 1),
(26, 6, 2),
(27, 4, 1),
(28, 8, 1),
(30, 4, 1),
(31, 3, 2),
(32, 4, 1),
(33, 7, 2),
(34, 8, 1),
(35, 2, 1),
(36, 6, 2),
(37, 7, 1),
(38, 2, 1),
(39, 8, 1),
(40, 1, 1),
(41, 8, 2),
(42, 1, 1),
(43, 6, 1),
(44, 8, 2),
(45, 2, 2),
(46, 4, 1),
(47, 3, 2),
(48, 7, 2),
(49, 6, 1),
(64, 1, 1),
(65, 6, 1),
(66, 1, 1),
(67, 7, 2),
(68, 2, 2),
(69, 8, 1),
(70, 5, 1),
(71, 8, 1),
(72, 4, 2),
(73, 2, 2),
(74, 2, 2);

-- --------------------------------------------------------

--
-- Table structure for table `stadiums`
--

CREATE TABLE `stadiums` (
  `id` int(11) NOT NULL,
  `name` varchar(255) NOT NULL,
  `city` varchar(255) NOT NULL
) ENGINE=InnoDB DEFAULT CHARSET=latin1;

--
-- Dumping data for table `stadiums`
--

INSERT INTO `stadiums` (`id`, `name`, `city`) VALUES
(1, 'Wankhede Stadium', 'Mumbai'),
(2, 'Feroz Shah Kotla', 'Delhi'),
(3, 'Maharashtra Cricket Association Stadium', 'Pune'),
(4, 'Rajiv Gandhi International Stadium', 'Hyderabad'),
(5, 'Punjab Cricket Association IS Bindra Stadium', 'Mohali'),
(6, 'Saurashtra Cricket Association Stadium', 'Rajkot'),
(7, 'Shaheed Veer Narayan Singh International Cricket Stadium', 'Raipur'),
(8, 'Eden Gardens', 'Kolkata'),
(9, 'M Chinnaswamy Stadium', 'Bangalore'),
(10, 'ACA-VDCA Cricket Stadium', 'Visakhapatnam'),
(11, 'Green Park', 'Kanpur'),
(12, 'Holkar Cricket Stadium', 'Indore');

-- --------------------------------------------------------

--
-- Table structure for table `standings`
--

CREATE TABLE `standings` (
  `userid` int(11) NOT NULL,
  `mid` int(11) NOT NULL,
  `mpoints` int(11) DEFAULT NULL,
  `gpoints` int(11) DEFAULT NULL,
  `total` int(11) DEFAULT NULL,
  `wpoints` int(11) DEFAULT NULL COMMENT 'to indicate lucky draw winners'
) ENGINE=InnoDB DEFAULT CHARSET=latin1;

--
-- Dumping data for table `standings`
--

INSERT INTO `standings` (`userid`, `mid`, `mpoints`, `gpoints`, `total`, `wpoints`) VALUES
(80, 1, 0, 0, 0, 0),
(80, 2, 10, 0, 10, 10),
(80, 3, 0, 5, 5, 5),
(80, 4, 0, -5, -5, -5),
(80, 5, 10, 5, 15, 15),
(80, 6, 0, 5, 5, 5),
(80, 7, 0, -5, -5, -5),
(80, 8, 0, -20, -20, -20),
(80, 9, 0, 5, 5, 5),
(80, 10, 0, 5, 5, 5),
(80, 11, 0, 5, 5, 5),
(80, 12, 0, 5, 5, 5),
(80, 13, 0, -5, -5, -5),
(80, 14, 10, 5, 15, 15),
(80, 15, 0, 5, 5, 5),
(80, 16, 10, -5, 5, 5),
(80, 17, 0, -5, -5, -5),
(80, 18, 10, 0, 10, 10),
(80, 19, 0, 20, 20, 20),
(80, 20, 10, -5, 5, 5),
(80, 21, 10, -5, 5, 5),
(80, 22, 10, 5, 15, 15),
(80, 23, 0, -5, -5, -5),
(80, 24, 10, 5, 15, 15),
(80, 25, 10, -5, 5, 5),
(80, 26, 0, -5, -5, -5),
(80, 27, 10, -5, 5, 5),
(80, 28, 0, -20, -20, -20),
(80, 30, 10, 5, 15, 15),
(80, 31, 0, -5, -5, -5),
(80, 32, 10, 5, 15, 15),
(80, 33, 10, -5, 5, 5),
(80, 34, 0, 5, 5, 5),
(80, 35, 10, -5, 5, 5),
(80, 36, 0, -5, -5, -5),
(80, 37, 10, 5, 15, 15),
(80, 38, 10, -5, 5, 5),
(80, 39, 10, 20, 30, 30),
(80, 40, 10, 5, 15, 15),
(80, 41, 0, -5, -5, -5),
(80, 42, 10, -5, 5, 5),
(80, 43, 10, -5, 5, 5),
(80, 44, 0, -5, -5, -5),
(80, 45, 0, 5, 5, 5),
(80, 46, 10, 5, 15, 15),
(80, 47, 0, 5, 5, 5),
(80, 48, 0, -20, -20, -20),
(80, 49, 0, -5, -5, -5),
(80, 64, 10, -5, 5, 5),
(80, 65, 0, 5, 5, 5),
(80, 66, 10, 5, 15, 15),
(80, 67, 10, -5, 5, 5),
(80, 68, 0, -5, -5, -5),
(80, 69, 0, 20, 20, 20),
(80, 70, 0, 5, 5, 5),
(80, 71, 10, 5, 15, 16),
(80, 72, 0, -20, -20, -20),
(82, 1, 10, -5, 5, 4),
(82, 2, 0, 0, 0, 0),
(82, 3, 0, 5, 5, 5),
(82, 4, 0, -5, -5, -5),
(82, 5, 10, 5, 15, 15),
(82, 6, 10, 5, 15, 15),
(82, 7, 10, 5, 15, 15),
(82, 8, 10, 20, 30, 30),
(82, 9, 0, -5, -5, -5),
(82, 10, 10, 5, 15, 15),
(82, 11, 0, 5, 5, 5),
(82, 12, 10, 5, 15, 15),
(82, 13, 0, 5, 5, 5),
(82, 14, 0, 5, 5, 5),
(82, 15, 0, 5, 5, 5),
(82, 16, 10, 5, 15, 15),
(82, 17, 0, 0, 0, 0),
(82, 18, 10, -5, 5, 5),
(82, 19, 10, 20, 30, 30),
(82, 20, 0, 5, 5, 5),
(82, 21, 10, -5, 5, 5),
(82, 22, 10, 5, 15, 15),
(82, 23, 0, -5, -5, -5),
(82, 24, 0, 5, 5, 5),
(82, 25, 10, 5, 15, 15),
(82, 26, 0, -5, -5, -5),
(82, 27, 10, 5, 15, 15),
(82, 28, 0, 20, 20, 20),
(82, 30, 10, -5, 5, 5),
(82, 31, 0, 5, 5, 5),
(82, 32, 10, -5, 5, 5),
(82, 33, 0, 0, 0, 0),
(82, 34, 0, 5, 5, 5),
(82, 35, 10, -5, 5, 5),
(82, 36, 0, 5, 5, 5),
(82, 37, 10, -5, 5, 5),
(82, 38, 10, 5, 15, 15),
(82, 39, 10, -20, -10, -10),
(82, 40, 10, 5, 15, 15),
(82, 41, 0, -5, -5, -5),
(82, 42, 10, 5, 15, 15),
(82, 43, 0, -5, -5, -5),
(82, 44, 0, 0, 0, 0),
(82, 45, 10, 5, 15, 15),
(82, 46, 10, 5, 15, 15),
(82, 47, 0, -5, -5, -5),
(82, 48, 0, 20, 20, 20),
(82, 49, 10, -5, 5, 5),
(82, 64, 0, -5, -5, -5),
(82, 65, 0, 5, 5, 5),
(82, 66, 0, -5, -5, -5),
(82, 67, 10, 5, 15, 15),
(82, 68, 10, -5, 5, 5),
(82, 69, 10, -20, -10, -10),
(82, 70, 10, 5, 15, 15),
(82, 71, 0, 5, 5, 6),
(82, 72, 10, -20, -10, -10),
(83, 1, 10, -5, 5, 6),
(83, 2, 0, 0, 0, 0),
(83, 3, 0, 5, 5, 5),
(83, 4, 0, -5, -5, -5),
(83, 5, 10, 0, 10, 10),
(83, 6, 10, 5, 15, 15),
(83, 7, 10, 5, 15, 15),
(83, 8, 0, 0, 0, 0),
(83, 9, 0, 5, 5, 5),
(83, 10, 0, 5, 5, 5),
(83, 11, 0, 5, 5, 5),
(83, 12, 10, 0, 10, 10),
(83, 13, 0, 0, 0, 0),
(83, 14, 0, 5, 5, 5),
(83, 15, 0, 5, 5, 5),
(83, 16, 10, 0, 10, 10),
(83, 17, 0, -5, -5, -5),
(83, 18, 0, 0, 0, 0),
(83, 19, 10, -20, -10, -10),
(83, 20, 10, 5, 15, 15),
(83, 21, 10, 0, 10, 10),
(83, 22, 10, 5, 15, 15),
(83, 23, 0, 0, 0, 0),
(83, 24, 10, 5, 15, 15),
(83, 25, 10, 0, 10, 10),
(83, 26, 0, 5, 5, 5),
(83, 27, 10, -5, 5, 5),
(83, 28, 0, 20, 20, 20),
(83, 30, 10, -5, 5, 5),
(83, 31, 10, 5, 15, 15),
(83, 32, 10, -5, 5, 5),
(83, 33, 0, 5, 5, 5),
(83, 34, 10, 5, 15, 15),
(83, 35, 10, -5, 5, 5),
(83, 36, 0, 0, 0, 0),
(83, 37, 10, -5, 5, 5),
(83, 38, 10, -5, 5, 5),
(83, 39, 0, -20, -20, -20),
(83, 40, 10, 5, 15, 15),
(83, 41, 0, -5, -5, -5),
(83, 42, 10, 5, 15, 15),
(83, 43, 10, -5, 5, 5),
(83, 44, 0, -5, -5, -5),
(83, 45, 10, 5, 15, 15),
(83, 46, 10, 5, 15, 15),
(83, 47, 0, -5, -5, -5),
(83, 48, 10, 0, 10, 10),
(83, 49, 0, 5, 5, 5),
(83, 64, 0, -5, -5, -5),
(83, 65, 0, 5, 5, 5),
(83, 66, 0, 0, 0, 0),
(83, 67, 10, 0, 10, 10),
(83, 68, 0, -5, -5, -5),
(83, 69, 10, -20, -10, -10),
(83, 70, 10, 0, 10, 10),
(83, 71, 0, 5, 5, 6),
(83, 72, 10, -20, -10, -10),
(84, 1, 10, 5, 15, 15),
(84, 2, 10, 5, 15, 15),
(84, 3, 10, 5, 15, 15),
(84, 4, 0, 5, 5, 5),
(84, 5, 10, 0, 10, 10),
(84, 6, 10, 5, 15, 15),
(84, 7, 0, 0, 0, 0),
(84, 8, 0, 20, 20, 20),
(84, 9, 0, -5, -5, -5),
(84, 10, 10, 0, 10, 10),
(84, 11, 10, 5, 15, 15),
(84, 12, 0, -5, -5, -5),
(84, 13, 0, -5, -5, -5),
(84, 14, 10, 5, 15, 15),
(84, 15, 0, 5, 5, 5),
(84, 16, 10, -5, 5, 5),
(84, 17, 0, -5, -5, -5),
(84, 18, 0, 0, 0, 0),
(84, 19, 10, 0, 10, 10),
(84, 20, 0, 5, 5, 5),
(84, 21, 10, 5, 15, 15),
(84, 22, 10, 5, 15, 15),
(84, 23, 0, 5, 5, 5),
(84, 24, 10, 5, 15, 15),
(84, 25, 10, -5, 5, 5),
(84, 26, 0, 5, 5, 5),
(84, 27, 10, 5, 15, 15),
(84, 28, 0, 20, 20, 20),
(84, 30, 0, 0, 0, 0),
(84, 31, 0, 5, 5, 5),
(84, 32, 10, -5, 5, 5),
(84, 33, 0, 0, 0, 0),
(84, 34, 10, 5, 15, 15),
(84, 35, 0, -5, -5, -5),
(84, 36, 10, 5, 15, 15),
(84, 37, 10, -5, 5, 5),
(84, 38, 0, 5, 5, 5),
(84, 39, 10, -20, -10, -10),
(84, 40, 0, -5, -5, -5),
(84, 41, 0, -5, -5, -5),
(84, 42, 0, 5, 5, 5),
(84, 43, 10, -5, 5, 5),
(84, 44, 10, -5, 5, 5),
(84, 45, 10, 5, 15, 15),
(84, 46, 10, 5, 15, 15),
(84, 47, 0, -5, -5, -5),
(84, 48, 10, 20, 30, 30),
(84, 49, 10, -5, 5, 5),
(84, 64, 0, -5, -5, -5),
(84, 65, 10, 5, 15, 15),
(84, 66, 0, 5, 5, 5),
(84, 67, 10, 5, 15, 15),
(84, 68, 0, 5, 5, 5),
(84, 69, 10, -20, -10, -10),
(84, 70, 0, 5, 5, 5),
(84, 71, 10, 5, 15, 15),
(84, 72, 0, -20, -20, -20),
(85, 1, 10, 5, 15, 15),
(85, 2, 0, 5, 5, 5),
(85, 3, 0, 0, 0, 0),
(85, 4, 0, -5, -5, -5),
(85, 5, 10, 0, 10, 10),
(85, 6, 10, 5, 15, 15),
(85, 7, 10, -5, 5, 5),
(85, 8, 0, 0, 0, 0),
(85, 9, 0, 5, 5, 5),
(85, 10, 0, 5, 5, 5),
(85, 11, 0, 0, 0, 0),
(85, 12, 0, -5, -5, -5),
(85, 13, 0, 5, 5, 5),
(85, 14, 0, 0, 0, 0),
(85, 15, 0, 5, 5, 5),
(85, 16, 0, 0, 0, 0),
(85, 17, 0, -5, -5, -5),
(85, 18, 10, 0, 10, 10),
(85, 19, 10, 20, 30, 30),
(85, 20, 10, 5, 15, 15),
(85, 21, 10, -5, 5, 5),
(85, 22, 10, -5, 5, 5),
(85, 23, 10, 5, 15, 15),
(85, 24, 10, 5, 15, 15),
(85, 25, 10, -5, 5, 5),
(85, 26, 0, -5, -5, -5),
(85, 27, 0, 5, 5, 5),
(85, 28, 0, -20, -20, -20),
(85, 30, 0, -5, -5, -5),
(85, 31, 0, -5, -5, -5),
(85, 32, 0, -5, -5, -5),
(85, 33, 10, 0, 10, 10),
(85, 34, 0, 5, 5, 5),
(85, 35, 10, 0, 10, 10),
(85, 36, 10, 5, 15, 15),
(85, 37, 10, 0, 10, 10),
(85, 38, 10, -5, 5, 5),
(85, 39, 0, -20, -20, -20),
(85, 40, 0, -5, -5, -5),
(85, 41, 0, 5, 5, 6),
(85, 42, 10, 5, 15, 15),
(85, 43, 10, 5, 15, 15),
(85, 44, 10, 5, 15, 15),
(85, 45, 0, -5, -5, -5),
(85, 46, 10, -5, 5, 5),
(85, 47, 0, 0, 0, 0),
(85, 48, 0, -20, -20, -20),
(85, 49, 0, -5, -5, -5),
(85, 64, 10, 5, 15, 15),
(85, 65, 10, -5, 5, 5),
(85, 66, 10, -5, 5, 5),
(85, 67, 0, -5, -5, -5),
(85, 68, 0, -5, -5, -5),
(85, 69, 10, 20, 30, 30),
(85, 70, 0, -5, -5, -5),
(85, 71, 10, 5, 15, 15),
(85, 72, 10, -20, -10, -10),
(86, 1, 0, 5, 5, 5),
(86, 2, 10, 0, 10, 10),
(86, 3, 0, 5, 5, 5),
(86, 4, 10, 0, 10, 10),
(86, 5, 10, 5, 15, 15),
(86, 6, 0, 5, 5, 5),
(86, 7, 10, 5, 15, 15),
(86, 8, 0, 0, 0, 0),
(86, 9, 10, 5, 15, 15),
(86, 10, 10, 5, 15, 15),
(86, 11, 10, 5, 15, 15),
(86, 12, 0, 5, 5, 5),
(86, 13, 0, -5, -5, -5),
(86, 14, 0, 5, 5, 5),
(86, 15, 10, 5, 15, 15),
(86, 16, 10, 0, 10, 10),
(86, 17, 0, -5, -5, -5),
(86, 18, 10, 5, 15, 15),
(86, 19, 10, 20, 30, 30),
(86, 20, 10, 5, 15, 15),
(86, 21, 10, -5, 5, 5),
(86, 22, 10, 5, 15, 15),
(86, 23, 0, 0, 0, 0),
(86, 24, 0, 5, 5, 5),
(86, 25, 10, 5, 15, 15),
(86, 26, 0, -5, -5, -5),
(86, 27, 10, 0, 10, 10),
(86, 28, 0, -20, -20, -20),
(86, 30, 0, 0, 0, 0),
(86, 31, 0, 5, 5, 5),
(86, 32, 10, 0, 10, 10),
(86, 33, 0, 0, 0, 0),
(86, 34, 10, 5, 15, 15),
(86, 35, 0, 5, 5, 5),
(86, 36, 0, -5, -5, -5),
(86, 37, 10, -5, 5, 5),
(86, 38, 10, 0, 10, 10),
(86, 39, 10, -20, -10, -10),
(86, 40, 0, 5, 5, 5),
(86, 41, 0, 0, 0, 0),
(86, 42, 0, 5, 5, 5),
(86, 43, 10, -5, 5, 5),
(86, 44, 0, 0, 0, 0),
(86, 45, 10, 5, 15, 15),
(86, 46, 10, 5, 15, 15),
(86, 47, 0, 0, 0, 0),
(86, 48, 10, 0, 10, 10),
(86, 49, 10, 0, 10, 10),
(86, 64, 0, 5, 5, 5),
(86, 65, 0, 5, 5, 5),
(86, 66, 10, 5, 15, 15),
(86, 67, 10, 0, 10, 10),
(86, 68, 10, 0, 10, 10),
(86, 69, 10, -20, -10, -10),
(86, 70, 0, 0, 0, 0),
(86, 71, 0, 5, 5, 5),
(86, 72, 10, 20, 30, 30),
(87, 1, 10, -5, 5, 5),
(87, 2, 10, 0, 10, 10),
(87, 3, 10, 5, 15, 15),
(87, 4, 0, 5, 5, 5),
(87, 5, 10, 0, 10, 10),
(87, 6, 10, 0, 10, 10),
(87, 7, 10, 5, 15, 15),
(87, 8, 10, 0, 10, 10),
(87, 9, 0, 5, 5, 5),
(87, 10, 0, 5, 5, 5),
(87, 11, 10, 5, 15, 15),
(87, 12, 10, -5, 5, 5),
(87, 13, 10, 5, 15, 15),
(87, 14, 10, 5, 15, 15),
(87, 15, 0, -5, -5, -5),
(87, 16, 10, 5, 15, 15),
(87, 17, 0, -5, -5, -5),
(87, 18, 10, -5, 5, 5),
(87, 19, 10, 20, 30, 30),
(87, 20, 10, -5, 5, 5),
(87, 21, 10, -5, 5, 5),
(87, 22, 0, 5, 5, 5),
(87, 23, 0, -5, -5, -5),
(87, 24, 0, 5, 5, 5),
(87, 25, 0, -5, -5, -5),
(87, 26, 0, 0, 0, 0),
(87, 27, 10, 5, 15, 14),
(87, 28, 10, 20, 30, 30),
(87, 30, 0, -5, -5, -5),
(87, 31, 10, 5, 15, 15),
(87, 32, 0, -5, -5, -5),
(87, 33, 10, 0, 10, 10),
(87, 34, 10, 5, 15, 15),
(87, 35, 0, 5, 5, 5),
(87, 36, 10, 5, 15, 15),
(87, 37, 10, -5, 5, 5),
(87, 38, 0, 5, 5, 5),
(87, 39, 10, -20, -10, -10),
(87, 40, 10, 5, 15, 15),
(87, 41, 0, -5, -5, -5),
(87, 42, 10, -5, 5, 5),
(87, 43, 10, 0, 10, 10),
(87, 44, 10, 5, 15, 15),
(87, 45, 10, 0, 10, 10),
(87, 46, 10, 5, 15, 15),
(87, 47, 10, -5, 5, 5),
(87, 48, 0, -20, -20, -20),
(87, 49, 0, -5, -5, -5),
(87, 64, 10, -5, 5, 5),
(87, 65, 10, 5, 15, 15),
(87, 66, 10, 0, 10, 10),
(87, 67, 10, 5, 15, 15),
(87, 68, 0, 0, 0, 0),
(87, 69, 10, -20, -10, -10),
(87, 70, 0, 0, 0, 0),
(87, 71, 10, -5, 5, 5),
(87, 72, 10, -20, -10, -10),
(88, 1, 0, 5, 5, 5),
(88, 2, 0, 5, 5, 5),
(88, 3, 10, 5, 15, 15),
(88, 4, 0, -5, -5, -5),
(88, 5, 0, -5, -5, -5),
(88, 6, 10, 5, 15, 15),
(88, 7, 10, 5, 15, 15),
(88, 8, 10, -20, -10, -10),
(88, 9, 10, -5, 5, 5),
(88, 10, 0, 5, 5, 5),
(88, 11, 0, 5, 5, 5),
(88, 12, 10, 5, 15, 15),
(88, 13, 0, 5, 5, 5),
(88, 14, 10, 5, 15, 15),
(88, 15, 10, 5, 15, 15),
(88, 16, 0, 5, 5, 5),
(88, 17, 0, -5, -5, -5),
(88, 18, 10, 5, 15, 15),
(88, 19, 0, 20, 20, 20),
(88, 20, 10, 5, 15, 15),
(88, 21, 10, -5, 5, 5),
(88, 22, 10, 5, 15, 15),
(88, 23, 0, 5, 5, 5),
(88, 24, 0, 5, 5, 5),
(88, 25, 10, 5, 15, 15),
(88, 26, 10, -5, 5, 5),
(88, 27, 10, 5, 15, 15),
(88, 28, 0, 20, 20, 20),
(88, 30, 10, 5, 15, 15),
(88, 31, 10, -5, 5, 5),
(88, 32, 10, 5, 15, 15),
(88, 33, 10, 5, 15, 15),
(88, 34, 10, -5, 5, 5),
(88, 35, 10, 5, 15, 15),
(88, 36, 10, -5, 5, 5),
(88, 37, 0, 5, 5, 5),
(88, 38, 10, -5, 5, 5),
(88, 39, 0, 20, 20, 20),
(88, 40, 0, 5, 5, 5),
(88, 41, 0, -5, -5, -5),
(88, 42, 0, 5, 5, 5),
(88, 43, 10, -5, 5, 5),
(88, 44, 0, -5, -5, -5),
(88, 45, 10, -5, 5, 5),
(88, 46, 10, -5, 5, 5),
(88, 47, 10, 5, 15, 15),
(88, 48, 0, -20, -20, -20),
(88, 49, 0, 5, 5, 5),
(88, 64, 0, -5, -5, -5),
(88, 65, 0, -5, -5, -5),
(88, 66, 10, -5, 5, 5),
(88, 67, 10, 5, 15, 15),
(88, 68, 0, -5, -5, -5),
(88, 69, 10, 20, 30, 30),
(88, 70, 0, -5, -5, -5),
(88, 71, 0, -5, -5, -5),
(88, 72, 0, -20, -20, -20),
(89, 1, 10, -5, 5, 5),
(89, 2, 10, 5, 15, 15),
(89, 3, 0, 5, 5, 5),
(89, 4, 0, -5, -5, -5),
(89, 5, 10, 5, 15, 15),
(89, 6, 10, 5, 15, 15),
(89, 7, 10, 5, 15, 15),
(89, 8, 10, 0, 10, 10),
(89, 9, 0, 5, 5, 5),
(89, 10, 0, 5, 5, 5),
(89, 11, 10, 5, 15, 15),
(89, 12, 0, 5, 5, 5),
(89, 13, 10, 0, 10, 10),
(89, 14, 10, 5, 15, 15),
(89, 15, 0, 5, 5, 5),
(89, 16, 0, 5, 5, 5),
(89, 17, 0, -5, -5, -5),
(89, 18, 0, 0, 0, 0),
(89, 19, 10, 0, 10, 10),
(89, 20, 10, 5, 15, 15),
(89, 21, 10, 5, 15, 15),
(89, 22, 10, 5, 15, 15),
(89, 23, 0, -5, -5, -5),
(89, 24, 10, 5, 15, 15),
(89, 25, 10, 5, 15, 15),
(89, 26, 0, -5, -5, -5),
(89, 27, 0, -5, -5, -5),
(89, 28, 0, 0, 0, 0),
(89, 30, 0, -5, -5, -5),
(89, 31, 0, 5, 5, 4),
(89, 32, 10, -5, 5, 5),
(89, 33, 10, -5, 5, 5),
(89, 34, 0, 5, 5, 5),
(89, 35, 10, 5, 15, 15),
(89, 36, 10, -5, 5, 5),
(89, 37, 10, 5, 15, 15),
(89, 38, 0, 5, 5, 5),
(89, 39, 0, 0, 0, 0),
(89, 40, 0, 5, 5, 5),
(89, 42, 0, -5, -5, -5),
(89, 43, 0, 0, 0, 0),
(89, 44, 0, -5, -5, -5),
(89, 45, 10, 0, 10, 10),
(89, 46, 10, 0, 10, 10),
(89, 47, 0, 5, 5, 5),
(89, 48, 0, 0, 0, 0),
(89, 49, 0, -5, -5, -5),
(89, 64, 10, -5, 5, 5),
(89, 65, 0, 5, 5, 5),
(89, 66, 10, -5, 5, 5),
(89, 67, 10, -5, 5, 5),
(89, 68, 0, 5, 5, 5),
(89, 69, 10, -20, -10, -10),
(89, 70, 0, -5, -5, -5),
(89, 71, 0, 5, 5, 5),
(89, 72, 10, -20, -10, -10),
(90, 1, 10, -5, 5, 5),
(90, 2, 0, 0, 0, 0),
(90, 3, 10, 5, 15, 15),
(90, 4, 10, -5, 5, 5),
(90, 5, 0, -5, -5, -5),
(90, 6, 10, 0, 10, 10),
(90, 7, 10, 5, 15, 15),
(90, 8, 10, 20, 30, 30),
(90, 9, 0, 5, 5, 5),
(90, 10, 10, -5, 5, 5),
(90, 11, 0, 5, 5, 5),
(90, 12, 10, 5, 15, 15),
(90, 13, 0, 5, 5, 5),
(90, 14, 0, 0, 0, 0),
(90, 15, 0, 5, 5, 5),
(90, 16, 10, 0, 10, 10),
(90, 17, 0, 0, 0, 0),
(90, 18, 10, -5, 5, 5),
(90, 19, 0, 20, 20, 20),
(90, 20, 0, 5, 5, 5),
(90, 21, 10, 5, 15, 15),
(90, 22, 10, 0, 10, 10),
(90, 23, 0, -5, -5, -5),
(90, 24, 10, 5, 15, 15),
(90, 25, 10, 0, 10, 10),
(90, 26, 10, -5, 5, 5),
(90, 27, 10, -5, 5, 5),
(90, 28, 0, 20, 20, 20),
(90, 30, 0, -5, -5, -5),
(90, 31, 0, 0, 0, 0),
(90, 32, 10, -5, 5, 5),
(90, 33, 10, 0, 10, 10),
(90, 34, 0, 5, 5, 5),
(90, 35, 10, 5, 15, 15),
(90, 36, 0, -5, -5, -5),
(90, 37, 10, 0, 10, 10),
(90, 38, 10, -5, 5, 5),
(90, 39, 10, 20, 30, 30),
(90, 40, 0, 5, 5, 5),
(90, 41, 0, -5, -5, -5),
(90, 42, 0, -5, -5, -5),
(90, 43, 0, 0, 0, 0),
(90, 44, 0, 5, 5, 5),
(90, 45, 10, 5, 15, 15),
(90, 46, 10, 5, 15, 15),
(90, 47, 0, 0, 0, 0),
(90, 48, 0, -20, -20, -20),
(90, 49, 0, 0, 0, 0),
(90, 64, 0, 0, 0, 0),
(90, 65, 0, 5, 5, 5),
(90, 66, 0, -5, -5, -5),
(90, 67, 10, 0, 10, 10),
(90, 68, 10, 5, 15, 15),
(90, 69, 10, -20, -10, -10),
(90, 70, 10, -5, 5, 5),
(90, 71, 0, -5, -5, -5),
(90, 72, 0, -20, -20, -20),
(91, 1, 0, 5, 5, 6),
(91, 2, 10, 5, 15, 15),
(91, 3, 0, 5, 5, 5),
(91, 4, 0, -5, -5, -5),
(91, 5, 10, -5, 5, 5),
(91, 6, 0, 5, 5, 5),
(91, 7, 10, 5, 15, 15),
(91, 8, 0, 0, 0, 0),
(91, 9, 0, 5, 5, 5),
(91, 10, 10, 5, 15, 15),
(91, 11, 10, 5, 15, 15),
(91, 12, 10, 5, 15, 15),
(91, 13, 0, 5, 5, 5),
(91, 14, 10, 5, 15, 15),
(91, 15, 0, 5, 5, 5),
(91, 16, 10, 0, 10, 10),
(91, 17, 0, -5, -5, -5),
(91, 18, 0, 5, 5, 5),
(91, 19, 10, 20, 30, 30),
(91, 20, 10, 5, 15, 15),
(91, 21, 10, 5, 15, 15),
(91, 22, 10, -5, 5, 5),
(91, 23, 0, -5, -5, -5),
(91, 24, 10, 5, 15, 15),
(91, 25, 10, -5, 5, 5),
(91, 26, 0, -5, -5, -5),
(91, 27, 0, 5, 5, 5),
(91, 28, 0, 20, 20, 20),
(91, 30, 0, 0, 0, 0),
(91, 31, 0, 5, 5, 5),
(91, 32, 10, -5, 5, 5),
(91, 33, 10, -5, 5, 5),
(91, 34, 0, 5, 5, 5),
(91, 35, 10, 5, 15, 15),
(91, 36, 0, 0, 0, 0),
(91, 37, 0, 5, 5, 5),
(91, 38, 10, 5, 15, 15),
(91, 39, 10, 20, 30, 30),
(91, 40, 0, 5, 5, 5),
(91, 41, 10, -5, 5, 5),
(91, 42, 10, -5, 5, 5),
(91, 43, 0, 0, 0, 0),
(91, 44, 10, 5, 15, 15),
(91, 45, 10, -5, 5, 5),
(91, 46, 10, 5, 15, 15),
(91, 47, 10, 0, 10, 10),
(91, 48, 0, -20, -20, -20),
(91, 49, 0, 5, 5, 5),
(91, 64, 10, 0, 10, 10),
(91, 65, 0, 5, 5, 5),
(91, 66, 0, 5, 5, 5),
(91, 67, 10, 0, 10, 10),
(91, 68, 10, -5, 5, 5),
(91, 69, 10, 20, 30, 30),
(91, 70, 0, -5, -5, -5),
(91, 71, 0, 5, 5, 5),
(91, 72, 10, -20, -10, -10),
(92, 1, 10, 5, 15, 15),
(92, 2, 10, 5, 15, 15),
(92, 3, 10, 5, 15, 15),
(92, 4, 10, 5, 15, 15),
(92, 5, 10, 5, 15, 15),
(92, 6, 0, 5, 5, 5),
(92, 7, 10, -5, 5, 5),
(92, 8, 10, 0, 10, 10),
(92, 9, 0, 5, 5, 5),
(92, 10, 0, 5, 5, 5),
(92, 11, 0, 5, 5, 5),
(92, 12, 0, -5, -5, -5),
(92, 13, 10, 5, 15, 15),
(92, 14, 10, 5, 15, 15),
(92, 15, 0, 5, 5, 5),
(92, 16, 10, 5, 15, 15),
(92, 17, 0, -5, -5, -5),
(92, 18, 10, -5, 5, 5),
(92, 19, 0, 20, 20, 20),
(92, 20, 10, 5, 15, 15),
(92, 21, 10, 5, 15, 15),
(92, 22, 10, 5, 15, 15),
(92, 23, 0, 5, 5, 5),
(92, 24, 0, 5, 5, 5),
(92, 25, 10, -5, 5, 5),
(92, 26, 0, -5, -5, -5),
(92, 27, 10, 5, 15, 15),
(92, 28, 0, 0, 0, 0),
(92, 30, 0, -5, -5, -5),
(92, 31, 10, 5, 15, 15),
(92, 32, 10, -5, 5, 5),
(92, 33, 0, 5, 5, 5),
(92, 34, 10, 5, 15, 15),
(92, 35, 0, 5, 5, 5),
(92, 36, 10, -5, 5, 5),
(92, 37, 10, -5, 5, 5),
(92, 38, 10, -5, 5, 5),
(92, 39, 10, 20, 30, 30),
(92, 40, 0, 5, 5, 5),
(92, 41, 0, -5, -5, -5),
(92, 42, 0, -5, -5, -5),
(92, 43, 10, -5, 5, 5),
(92, 44, 0, -5, -5, -5),
(92, 45, 10, 0, 10, 10),
(92, 46, 10, 5, 15, 15),
(92, 47, 0, -5, -5, -5),
(92, 48, 10, 20, 30, 30),
(92, 49, 0, -5, -5, -5),
(92, 64, 0, -5, -5, -5),
(92, 65, 10, 5, 15, 15),
(92, 66, 0, 5, 5, 5),
(92, 67, 0, -5, -5, -5),
(92, 68, 0, -5, -5, -5),
(92, 69, 0, -20, -20, -20),
(92, 70, 0, 5, 5, 5),
(92, 71, 0, 5, 5, 5),
(92, 72, 0, -20, -20, -20),
(93, 1, 0, -5, -5, -5),
(93, 2, 10, 0, 10, 10),
(93, 3, 10, 5, 15, 15),
(93, 4, 0, 5, 5, 5),
(93, 5, 10, -5, 5, 5),
(93, 6, 10, 5, 15, 15),
(93, 7, 10, -5, 5, 5),
(93, 8, 0, -20, -20, -20),
(93, 9, 0, 5, 5, 5),
(93, 10, 10, 5, 15, 15),
(93, 11, 10, 5, 15, 15),
(93, 12, 0, -5, -5, -5),
(93, 13, 0, 5, 5, 5),
(93, 14, 0, 5, 5, 5),
(93, 15, 10, 5, 15, 15),
(93, 16, 10, 5, 15, 15),
(93, 17, 10, -5, 5, 5),
(93, 18, 10, -5, 5, 5),
(93, 19, 10, 20, 30, 30),
(93, 20, 10, 5, 15, 15),
(93, 21, 10, -5, 5, 5),
(93, 22, 10, 5, 15, 15),
(93, 23, 0, -5, -5, -5),
(93, 24, 10, 5, 15, 15),
(93, 25, 10, 5, 15, 15),
(93, 26, 10, -5, 5, 5),
(93, 27, 0, -5, -5, -5),
(93, 28, 10, 20, 30, 30),
(93, 30, 0, -5, -5, -5),
(93, 31, 0, 5, 5, 6),
(93, 32, 10, 5, 15, 15),
(93, 33, 0, 0, 0, 0),
(93, 34, 10, 5, 15, 15),
(93, 35, 10, -5, 5, 5),
(93, 36, 10, -5, 5, 5),
(93, 37, 10, -5, 5, 5),
(93, 38, 10, -5, 5, 5),
(93, 39, 10, 20, 30, 30),
(93, 40, 0, 5, 5, 5),
(93, 41, 10, -5, 5, 5),
(93, 42, 10, 5, 15, 15),
(93, 43, 0, -5, -5, -5),
(93, 44, 10, 5, 15, 15),
(93, 45, 10, 5, 15, 15),
(93, 46, 10, 5, 15, 15),
(93, 47, 0, -5, -5, -5),
(93, 48, 0, 20, 20, 20),
(93, 49, 0, -5, -5, -5),
(93, 64, 10, -5, 5, 5),
(93, 65, 0, 5, 5, 5),
(93, 66, 0, 5, 5, 5),
(93, 67, 10, 5, 15, 15),
(93, 68, 10, 5, 15, 15),
(93, 69, 10, -20, -10, -10),
(93, 70, 0, 5, 5, 5),
(93, 71, 0, 5, 5, 5),
(93, 72, 0, -20, -20, -20),
(94, 1, 10, 5, 15, 15),
(94, 2, 0, 5, 5, 5),
(94, 3, 10, -5, 5, 5),
(94, 4, 0, -5, -5, -5),
(94, 5, 0, -5, -5, -5),
(94, 6, 0, 5, 5, 5),
(94, 7, 0, 5, 5, 5),
(94, 8, 0, 20, 20, 20),
(94, 9, 0, 5, 5, 5),
(94, 10, 10, -5, 5, 5),
(94, 11, 10, 5, 15, 15),
(94, 12, 0, -5, -5, -5),
(94, 13, 10, 5, 15, 15),
(94, 14, 10, 5, 15, 15),
(94, 15, 0, -5, -5, -5),
(94, 16, 10, 5, 15, 15),
(94, 17, 0, -5, -5, -5),
(94, 18, 0, 5, 5, 5),
(94, 19, 0, 20, 20, 20),
(94, 20, 0, 5, 5, 5),
(94, 21, 0, 5, 5, 5),
(94, 22, 10, 5, 15, 15),
(94, 23, 0, -5, -5, -5),
(94, 24, 0, 5, 5, 5),
(94, 25, 0, -5, -5, -5),
(94, 26, 10, -5, 5, 5),
(94, 27, 10, -5, 5, 5),
(94, 28, 10, 20, 30, 30),
(94, 30, 10, 5, 15, 15),
(94, 31, 0, -5, -5, -5),
(94, 32, 0, -5, -5, -5),
(94, 33, 10, -5, 5, 5),
(94, 34, 0, 5, 5, 5),
(94, 35, 10, 5, 15, 15),
(94, 36, 10, -5, 5, 5),
(94, 37, 10, 5, 15, 15),
(94, 38, 10, -5, 5, 5),
(94, 39, 0, -20, -20, -20),
(94, 40, 0, 5, 5, 5),
(94, 41, 0, -5, -5, -5),
(94, 42, 10, -5, 5, 5),
(94, 43, 10, -5, 5, 5),
(94, 44, 0, -5, -5, -5),
(94, 45, 10, 5, 15, 15),
(94, 46, 10, -5, 5, 5),
(94, 47, 0, -5, -5, -5),
(94, 48, 0, 20, 20, 20),
(94, 49, 0, -5, -5, -5),
(94, 64, 0, 5, 5, 5),
(94, 65, 0, 5, 5, 5),
(94, 66, 0, -5, -5, -5),
(94, 67, 0, 5, 5, 5),
(94, 68, 10, 5, 15, 15),
(94, 69, 10, -20, -10, -10),
(94, 70, 10, 5, 15, 15),
(94, 71, 0, 5, 5, 5),
(94, 72, 10, 20, 30, 30),
(95, 1, 10, 0, 10, 10),
(95, 2, 0, 0, 0, 0),
(95, 3, 10, 0, 10, 10),
(95, 4, 10, 0, 10, 10),
(95, 5, 0, 0, 0, 0),
(95, 6, 10, 0, 10, 10),
(95, 7, 10, 0, 10, 10),
(95, 8, 10, 0, 10, 10),
(95, 9, 10, 0, 10, 10),
(95, 10, 10, 5, 15, 15),
(95, 11, 10, 5, 15, 15),
(95, 12, 0, 0, 0, 0),
(95, 13, 10, 0, 10, 10),
(95, 14, 10, 0, 10, 10),
(95, 15, 10, 5, 15, 15),
(95, 16, 10, 0, 10, 10),
(95, 17, 0, 0, 0, 0),
(95, 18, 0, 0, 0, 0),
(95, 19, 0, 0, 0, 0),
(95, 20, 0, 5, 5, 5),
(95, 21, 10, 5, 15, 15),
(95, 22, 10, 5, 15, 15),
(95, 23, 0, 5, 5, 5),
(95, 24, 10, 5, 15, 15),
(95, 25, 10, -5, 5, 5),
(95, 26, 0, -5, -5, -5),
(95, 27, 10, -5, 5, 5),
(95, 28, 0, -20, -20, -20),
(95, 30, 0, -5, -5, -5),
(95, 31, 0, 5, 5, 5),
(95, 32, 10, 5, 15, 15),
(95, 33, 10, -5, 5, 5),
(95, 34, 10, 5, 15, 15),
(95, 35, 10, 5, 15, 15),
(95, 36, 10, -5, 5, 5),
(95, 37, 0, -5, -5, -5),
(95, 38, 10, -5, 5, 5),
(95, 39, 10, -20, -10, -10),
(95, 40, 10, 5, 15, 15),
(95, 41, 0, -5, -5, -5),
(95, 42, 0, 0, 0, 0),
(95, 43, 10, 0, 10, 10),
(95, 44, 0, -5, -5, -5),
(95, 45, 10, 5, 15, 15),
(95, 46, 10, 5, 15, 15),
(95, 47, 0, 0, 0, 0),
(95, 48, 0, -20, -20, -20),
(95, 49, 0, 0, 0, 0),
(95, 64, 10, -5, 5, 5),
(95, 65, 0, 5, 5, 5),
(95, 66, 0, 5, 5, 5),
(95, 67, 10, 0, 10, 10),
(95, 68, 0, 5, 5, 5),
(95, 69, 10, -20, -10, -10),
(95, 70, 0, 0, 0, 0),
(95, 71, 0, 5, 5, 5),
(95, 72, 10, -20, -10, -10),
(96, 1, 10, 0, 10, 10),
(96, 2, 10, 5, 15, 15),
(96, 3, 10, 5, 15, 15),
(96, 4, 0, 0, 0, 0),
(96, 5, 10, -5, 5, 5),
(96, 6, 10, 0, 10, 10),
(96, 7, 10, 5, 15, 15),
(96, 8, 10, 0, 10, 10),
(96, 9, 10, -5, 5, 5),
(96, 10, 10, 0, 10, 10),
(96, 11, 10, 0, 10, 10),
(96, 12, 10, 0, 10, 10),
(96, 13, 10, -5, 5, 5),
(96, 14, 10, 5, 15, 15),
(96, 15, 0, 0, 0, 0),
(96, 16, 10, 0, 10, 10),
(96, 17, 0, -5, -5, -5),
(96, 18, 10, 0, 10, 10),
(96, 19, 10, -20, -10, -10),
(96, 20, 0, 0, 0, 0),
(96, 21, 10, 0, 10, 10),
(96, 22, 10, 5, 15, 15),
(96, 23, 0, 0, 0, 0),
(96, 24, 10, 5, 15, 15),
(96, 25, 10, 0, 10, 10),
(96, 26, 0, 0, 0, 0),
(96, 27, 10, -5, 5, 5),
(96, 28, 0, 0, 0, 0),
(96, 30, 10, 5, 15, 15),
(96, 31, 0, 5, 5, 5),
(96, 32, 10, 0, 10, 10),
(96, 33, 0, -5, -5, -5),
(96, 34, 10, 5, 15, 15),
(96, 35, 10, -5, 5, 5),
(96, 36, 10, 0, 10, 10),
(96, 37, 10, 5, 15, 15),
(96, 38, 0, 5, 5, 5),
(96, 39, 10, 0, 10, 10),
(96, 40, 10, 5, 15, 15),
(96, 41, 0, -5, -5, -5),
(96, 42, 10, 5, 15, 15),
(96, 43, 0, -5, -5, -5),
(96, 44, 0, -5, -5, -5),
(96, 45, 10, 5, 15, 15),
(96, 46, 10, 5, 15, 15),
(96, 47, 0, 0, 0, 0),
(96, 48, 10, 20, 30, 30),
(96, 49, 0, -5, -5, -5),
(96, 64, 0, -5, -5, -5),
(96, 65, 0, 5, 5, 5),
(96, 66, 0, -5, -5, -5),
(96, 67, 10, 5, 15, 15),
(96, 68, 0, 0, 0, 0),
(96, 69, 10, -20, -10, -10),
(96, 70, 0, 0, 0, 0),
(96, 71, 0, 5, 5, 5),
(96, 72, 10, -20, -10, -10),
(97, 1, 0, 0, 0, 0),
(97, 2, 10, 0, 10, 10),
(97, 3, 10, 5, 15, 15),
(97, 4, 0, 5, 5, 5),
(97, 5, 10, 0, 10, 10),
(97, 6, 10, 5, 15, 15),
(97, 7, 10, 5, 15, 15),
(97, 8, 0, 0, 0, 0),
(97, 9, 0, 5, 5, 5),
(97, 10, 0, 5, 5, 5),
(97, 11, 0, 5, 5, 5),
(97, 12, 0, 0, 0, 0),
(97, 13, 10, -5, 5, 5),
(97, 14, 0, 5, 5, 5),
(97, 15, 0, 5, 5, 5),
(97, 16, 10, -5, 5, 5),
(97, 17, 0, -5, -5, -5),
(97, 18, 0, 0, 0, 0),
(97, 19, 10, 20, 30, 30),
(97, 20, 10, 0, 10, 10),
(97, 21, 10, 5, 15, 15),
(97, 22, 0, 5, 5, 5),
(97, 23, 0, 5, 5, 5),
(97, 24, 10, 5, 15, 15),
(97, 25, 10, 5, 15, 15),
(97, 26, 0, 5, 5, 5),
(97, 27, 0, 0, 0, 0),
(97, 28, 10, 0, 10, 10),
(97, 30, 0, 5, 5, 5),
(97, 31, 0, -5, -5, -5),
(97, 32, 10, 0, 10, 10),
(97, 33, 10, 0, 10, 10),
(97, 34, 0, 5, 5, 5),
(97, 35, 0, -5, -5, -5),
(97, 36, 10, -5, 5, 5),
(97, 37, 10, 5, 15, 15),
(97, 38, 0, 5, 5, 5),
(97, 39, 10, 20, 30, 30),
(97, 40, 0, 5, 5, 5),
(97, 41, 10, -5, 5, 5),
(97, 42, 0, -5, -5, -5),
(97, 43, 10, -5, 5, 5),
(97, 44, 0, 5, 5, 5),
(97, 45, 10, 5, 15, 15),
(97, 46, 10, 5, 15, 15),
(97, 47, 0, 0, 0, 0),
(97, 48, 10, -20, -10, -10),
(97, 49, 0, -5, -5, -5),
(97, 64, 10, -5, 5, 5),
(97, 65, 0, 5, 5, 5),
(97, 66, 0, 5, 5, 5),
(97, 67, 10, -5, 5, 5),
(97, 68, 0, 0, 0, 0),
(97, 69, 10, -20, -10, -10),
(97, 70, 10, 5, 15, 15),
(97, 71, 0, 5, 5, 5),
(97, 72, 0, -20, -20, -20),
(99, 1, 0, 0, 0, 0),
(99, 2, 10, 5, 15, 15),
(99, 3, 10, -5, 5, 5),
(99, 4, 0, 0, 0, 0),
(99, 5, 10, 0, 10, 10),
(99, 6, 10, 0, 10, 10),
(99, 7, 10, 0, 10, 10),
(99, 8, 0, 0, 0, 0),
(99, 9, 10, 0, 10, 10),
(99, 10, 0, 5, 5, 5),
(99, 11, 10, 5, 15, 15),
(99, 12, 0, -5, -5, -5),
(99, 13, 0, 0, 0, 0),
(99, 14, 10, 5, 15, 15),
(99, 15, 0, 5, 5, 5),
(99, 16, 10, 0, 10, 10),
(99, 17, 10, -5, 5, 5),
(99, 18, 10, 0, 10, 10),
(99, 19, 10, 0, 10, 10),
(99, 20, 10, 5, 15, 15),
(99, 21, 10, 0, 10, 10),
(99, 22, 10, 5, 15, 15),
(99, 23, 0, 5, 5, 5),
(99, 24, 10, 5, 15, 15),
(99, 25, 10, 0, 10, 10),
(99, 26, 0, -5, -5, -5),
(99, 27, 10, -5, 5, 5),
(99, 28, 0, 20, 20, 20),
(99, 30, 10, 0, 10, 10),
(99, 31, 0, 5, 5, 5),
(99, 32, 10, -5, 5, 5),
(99, 33, 10, -5, 5, 5),
(99, 34, 10, -5, 5, 5),
(99, 35, 10, 5, 15, 15),
(99, 36, 0, -5, -5, -5),
(99, 37, 10, 0, 10, 10),
(99, 38, 10, -5, 5, 5),
(99, 39, 10, 0, 10, 10),
(99, 40, 10, 0, 10, 10),
(99, 41, 0, 0, 0, 0),
(99, 42, 10, 0, 10, 10),
(99, 43, 10, -5, 5, 5),
(99, 44, 0, 5, 5, 5),
(99, 45, 10, 5, 15, 15),
(99, 46, 10, 5, 15, 15),
(99, 47, 10, 0, 10, 10),
(99, 48, 10, 0, 10, 10),
(99, 49, 0, 0, 0, 0),
(99, 64, 10, 0, 10, 9),
(99, 65, 0, 5, 5, 5),
(99, 66, 0, 5, 5, 5),
(99, 67, 10, 0, 10, 10),
(99, 68, 0, 0, 0, 0),
(99, 69, 10, 0, 10, 10),
(99, 70, 0, 0, 0, 0),
(99, 71, 0, 5, 5, 5),
(99, 72, 0, 20, 20, 20),
(100, 1, 0, 0, 0, 0),
(100, 2, 10, 0, 10, 10),
(100, 3, 10, 5, 15, 15),
(100, 4, 0, 5, 5, 5),
(100, 5, 10, 0, 10, 10),
(100, 6, 10, 5, 15, 15),
(100, 7, 10, 5, 15, 15),
(100, 8, 0, 0, 0, 0),
(100, 9, 0, 5, 5, 5),
(100, 10, 0, 5, 5, 5),
(100, 11, 0, 5, 5, 5),
(100, 12, 0, 0, 0, 0),
(100, 13, 10, -5, 5, 5),
(100, 14, 0, 5, 5, 5),
(100, 15, 0, 5, 5, 5),
(100, 16, 10, -5, 5, 5),
(100, 17, 0, -5, -5, -5),
(100, 18, 0, 0, 0, 0),
(100, 19, 10, 20, 30, 30),
(100, 20, 10, 0, 10, 10),
(100, 21, 10, 0, 10, 10),
(100, 22, 0, 5, 5, 5),
(100, 23, 0, 0, 0, 0),
(100, 24, 0, 5, 5, 5),
(100, 25, 10, 0, 10, 10),
(100, 26, 10, -5, 5, 5),
(100, 27, 10, -5, 5, 5),
(100, 28, 0, 0, 0, 0),
(100, 30, 10, -5, 5, 5),
(100, 31, 0, -5, -5, -5),
(100, 32, 0, 0, 0, 0),
(100, 33, 10, 0, 10, 10),
(100, 34, 10, -5, 5, 5),
(100, 35, 10, 5, 15, 15),
(100, 36, 0, 5, 5, 5),
(100, 37, 10, -5, 5, 5),
(100, 38, 10, 0, 10, 10),
(100, 39, 10, 0, 10, 10),
(100, 40, 0, 5, 5, 5),
(100, 41, 10, -5, 5, 5),
(100, 42, 0, -5, -5, -5),
(100, 43, 10, -5, 5, 5),
(100, 44, 0, 5, 5, 5),
(100, 45, 10, 5, 15, 15),
(100, 46, 10, 5, 15, 15),
(100, 47, 0, 0, 0, 0),
(100, 48, 10, -20, -10, -10),
(100, 49, 0, -5, -5, -5),
(100, 64, 0, 0, 0, 0),
(100, 65, 0, 0, 0, 0),
(100, 66, 10, 5, 15, 15),
(100, 67, 10, 5, 15, 15),
(100, 68, 10, 0, 10, 10),
(100, 69, 0, 0, 0, 0),
(100, 70, 10, 0, 10, 10),
(100, 71, 0, 5, 5, 5),
(100, 72, 0, -20, -20, -20),
(101, 1, 0, 5, 5, 5),
(101, 2, 10, 5, 15, 15),
(101, 3, 10, 5, 15, 15),
(101, 4, 10, -5, 5, 5),
(101, 5, 10, -5, 5, 5),
(101, 6, 10, 5, 15, 15),
(101, 7, 10, 5, 15, 15),
(101, 8, 10, -20, -10, -10),
(101, 9, 0, 5, 5, 5),
(101, 10, 10, 5, 15, 15),
(101, 11, 10, 5, 15, 15),
(101, 12, 0, 5, 5, 5),
(101, 13, 0, 5, 5, 5),
(101, 14, 10, 5, 15, 15),
(101, 15, 0, 5, 5, 5),
(101, 16, 10, 5, 15, 15),
(101, 17, 0, -5, -5, -5),
(101, 18, 10, -5, 5, 5),
(101, 19, 10, -20, -10, -10),
(101, 20, 0, 5, 5, 5),
(101, 21, 10, -5, 5, 5),
(101, 22, 10, 5, 15, 15),
(101, 23, 0, -5, -5, -5),
(101, 24, 10, 5, 15, 15),
(101, 25, 10, 5, 15, 15),
(101, 26, 10, 5, 15, 15),
(101, 27, 10, 5, 15, 15),
(101, 28, 0, 20, 20, 20),
(101, 30, 10, -5, 5, 5),
(101, 31, 0, 5, 5, 5),
(101, 32, 10, -5, 5, 5),
(101, 33, 0, -5, -5, -5),
(101, 34, 10, 5, 15, 15),
(101, 35, 10, -5, 5, 5),
(101, 36, 10, 5, 15, 15),
(101, 37, 10, -5, 5, 5),
(101, 38, 10, -5, 5, 5),
(101, 39, 10, -20, -10, -10),
(101, 40, 10, 5, 15, 15),
(101, 41, 0, -5, -5, -5),
(101, 42, 0, 5, 5, 6),
(101, 43, 0, -5, -5, -5),
(101, 44, 0, -5, -5, -5),
(101, 45, 10, 5, 15, 15),
(101, 46, 10, 5, 15, 15),
(101, 47, 0, -5, -5, -5),
(101, 48, 10, 20, 30, 30),
(101, 49, 0, 5, 5, 5),
(101, 64, 10, -5, 5, 5),
(101, 65, 0, -5, -5, -5),
(101, 66, 0, -5, -5, -5),
(101, 67, 10, -5, 5, 5),
(101, 68, 0, -5, -5, -5),
(101, 69, 10, -20, -10, -10),
(101, 70, 0, 5, 5, 5),
(101, 71, 0, -5, -5, -5),
(101, 72, 10, -20, -10, -10),
(102, 1, 0, 0, 0, 0),
(102, 2, 0, 0, 0, 0),
(102, 3, 0, 5, 5, 5),
(102, 4, 0, 5, 5, 5),
(102, 5, 10, 0, 10, 10),
(102, 6, 0, 5, 5, 5),
(102, 7, 10, 5, 15, 15),
(102, 8, 0, -20, -20, -20),
(102, 9, 0, 5, 5, 5),
(102, 10, 10, 0, 10, 10),
(102, 11, 0, 5, 5, 5),
(102, 12, 10, -5, 5, 5),
(102, 13, 0, 5, 5, 5),
(102, 14, 0, 5, 5, 5),
(102, 15, 0, 5, 5, 5),
(102, 16, 10, 0, 10, 10),
(102, 17, 10, 5, 15, 15),
(102, 18, 10, 0, 10, 10),
(102, 19, 10, 20, 30, 30),
(102, 20, 10, 5, 15, 15),
(102, 21, 10, 5, 15, 15),
(102, 22, 10, 5, 15, 15),
(102, 23, 10, -5, 5, 5),
(102, 24, 10, 5, 15, 15),
(102, 25, 10, -5, 5, 5),
(102, 26, 0, 0, 0, 0),
(102, 27, 0, 0, 0, 0),
(102, 28, 0, 0, 0, 0),
(102, 30, 0, -5, -5, -5),
(102, 31, 0, 5, 5, 5),
(102, 32, 0, -5, -5, -5),
(102, 33, 10, 5, 15, 15),
(102, 34, 0, 5, 5, 5),
(102, 35, 10, -5, 5, 5),
(102, 36, 0, 0, 0, 0),
(102, 37, 10, -5, 5, 5),
(102, 38, 10, 5, 15, 15),
(102, 39, 10, -20, -10, -10),
(102, 40, 10, 5, 15, 15),
(102, 41, 0, -5, -5, -5),
(102, 42, 10, -5, 5, 5),
(102, 43, 10, -5, 5, 5),
(102, 44, 0, -5, -5, -5),
(102, 45, 10, 0, 10, 10),
(102, 46, 10, 5, 15, 15),
(102, 47, 0, 5, 5, 5),
(102, 48, 10, -20, -10, -10),
(102, 49, 10, 5, 15, 15),
(102, 64, 0, -5, -5, -5),
(102, 65, 0, 5, 5, 5),
(102, 66, 0, 5, 5, 5),
(102, 67, 10, 5, 15, 15),
(102, 68, 10, 0, 10, 10),
(102, 69, 10, -20, -10, -10),
(102, 70, 10, 0, 10, 10),
(102, 71, 0, 5, 5, 5),
(102, 72, 0, 20, 20, 20),
(103, 1, 10, -5, 5, 5),
(103, 2, 0, -5, -5, -5),
(103, 3, 0, 5, 5, 5),
(103, 4, 0, -5, -5, -5),
(103, 5, 10, -5, 5, 5),
(103, 6, 10, 5, 15, 15),
(103, 7, 10, -5, 5, 5),
(103, 8, 0, 20, 20, 20),
(103, 9, 0, 5, 5, 5),
(103, 10, 0, 5, 5, 5),
(103, 11, 10, 5, 15, 15),
(103, 12, 0, 5, 5, 5),
(103, 13, 0, 5, 5, 5),
(103, 14, 0, 5, 5, 5),
(103, 15, 0, 0, 0, 0),
(103, 16, 10, -5, 5, 5),
(103, 17, 0, -5, -5, -5),
(103, 18, 10, 5, 15, 15),
(103, 19, 10, 20, 30, 30),
(103, 20, 10, 5, 15, 15),
(103, 21, 10, -5, 5, 5),
(103, 22, 10, 5, 15, 15),
(103, 23, 0, -5, -5, -5),
(103, 24, 0, 5, 5, 5),
(103, 25, 10, 0, 10, 10),
(103, 26, 0, -5, -5, -5),
(103, 27, 10, -5, 5, 5),
(103, 28, 0, 20, 20, 20),
(103, 30, 10, -5, 5, 5),
(103, 31, 10, 5, 15, 15),
(103, 32, 10, 0, 10, 10),
(103, 33, 10, 5, 15, 15),
(103, 34, 0, 5, 5, 5),
(103, 35, 10, 5, 15, 15),
(103, 36, 10, -5, 5, 5),
(103, 37, 10, -5, 5, 5),
(103, 38, 10, 5, 15, 15),
(103, 39, 10, -20, -10, -10),
(103, 40, 0, 5, 5, 5),
(103, 41, 0, -5, -5, -5),
(103, 42, 0, -5, -5, -5),
(103, 43, 10, 5, 15, 15),
(103, 44, 0, -5, -5, -5),
(103, 45, 10, 5, 15, 15),
(103, 46, 10, 5, 15, 15),
(103, 47, 0, -5, -5, -5),
(103, 48, 0, -20, -20, -20),
(103, 49, 0, 0, 0, 0),
(103, 64, 10, -5, 5, 5),
(103, 65, 0, 5, 5, 5),
(103, 66, 0, 0, 0, 0),
(103, 67, 10, 5, 15, 15),
(103, 68, 0, -5, -5, -5),
(103, 69, 10, 0, 10, 10),
(103, 70, 10, 5, 15, 15),
(103, 71, 10, -5, 5, 5),
(103, 72, 10, -20, -10, -10),
(104, 1, 10, 0, 10, 10),
(104, 2, 10, 0, 10, 10),
(104, 3, 0, 0, 0, 0),
(104, 4, 0, 0, 0, 0),
(104, 5, 10, 0, 10, 10),
(104, 6, 0, 0, 0, 0),
(104, 7, 10, 0, 10, 10),
(104, 8, 0, 0, 0, 0),
(104, 9, 0, 0, 0, 0),
(104, 10, 10, 0, 10, 10),
(104, 11, 10, 0, 10, 10),
(104, 12, 0, 0, 0, 0),
(104, 13, 0, 0, 0, 0),
(104, 14, 0, 0, 0, 0),
(104, 15, 10, 0, 10, 10),
(104, 16, 10, 0, 10, 10),
(104, 17, 0, 0, 0, 0),
(104, 18, 0, 0, 0, 0),
(104, 19, 10, 0, 10, 10),
(104, 20, 10, 0, 10, 10),
(104, 21, 10, 0, 10, 10),
(104, 22, 10, -5, 5, 5),
(104, 23, 0, 0, 0, 0),
(104, 24, 10, 5, 15, 15),
(104, 25, 10, 0, 10, 10),
(104, 26, 0, -5, -5, -5),
(104, 27, 10, 5, 15, 15),
(104, 28, 0, 0, 0, 0),
(104, 30, 0, 0, 0, 0),
(104, 31, 10, 5, 15, 15),
(104, 32, 10, 5, 15, 15),
(104, 33, 10, 0, 10, 10),
(104, 34, 10, 5, 15, 15),
(104, 35, 10, 5, 15, 15),
(104, 36, 10, 0, 10, 10),
(104, 37, 10, 0, 10, 10),
(104, 38, 10, 5, 15, 15),
(104, 39, 10, 0, 10, 10),
(104, 40, 0, 5, 5, 5),
(104, 41, 0, 0, 0, 0),
(104, 42, 10, -5, 5, 5),
(104, 43, 10, 5, 15, 15),
(104, 44, 0, -5, -5, -5),
(104, 45, 10, 5, 15, 15),
(104, 46, 10, 5, 15, 15),
(104, 47, 0, -5, -5, -5),
(104, 48, 10, 0, 10, 10),
(104, 49, 0, 0, 0, 0),
(104, 64, 0, 0, 0, 0),
(104, 65, 0, 5, 5, 5),
(104, 66, 0, 5, 5, 5),
(104, 67, 10, 0, 10, 10),
(104, 68, 0, -5, -5, -5),
(104, 69, 10, 0, 10, 10),
(104, 70, 0, 0, 0, 0),
(104, 71, 0, 5, 5, 6),
(104, 72, 0, -20, -20, -20),
(105, 1, 0, 5, 5, 5),
(105, 2, 10, 5, 15, 15),
(105, 3, 0, 5, 5, 5),
(105, 4, 10, -5, 5, 5),
(105, 5, 0, 5, 5, 5),
(105, 6, 10, 5, 15, 15),
(105, 7, 10, 5, 15, 15),
(105, 8, 0, -20, -20, -20),
(105, 9, 0, 5, 5, 5),
(105, 10, 0, 5, 5, 5),
(105, 11, 10, 5, 15, 15),
(105, 12, 0, -5, -5, -5),
(105, 13, 0, 5, 5, 5),
(105, 14, 10, 5, 15, 15),
(105, 15, 10, -5, 5, 5),
(105, 16, 10, -5, 5, 5),
(105, 17, 10, -5, 5, 5),
(105, 18, 10, 5, 15, 15),
(105, 19, 10, 20, 30, 30),
(105, 20, 0, 5, 5, 5),
(105, 21, 10, 5, 15, 15),
(105, 22, 10, 5, 15, 15),
(105, 23, 0, 0, 0, 0),
(105, 24, 10, 5, 15, 15),
(105, 25, 10, 5, 15, 15),
(105, 26, 0, -5, -5, -5),
(105, 27, 10, 5, 15, 15),
(105, 28, 10, -20, -10, -10),
(105, 30, 0, 5, 5, 5),
(105, 31, 0, 5, 5, 5),
(105, 32, 10, 0, 10, 10),
(105, 33, 0, -5, -5, -5),
(105, 34, 10, 5, 15, 15),
(105, 35, 0, 0, 0, 0),
(105, 36, 10, -5, 5, 5),
(105, 37, 10, 0, 10, 10),
(105, 38, 10, -5, 5, 5),
(105, 39, 10, 0, 10, 10),
(105, 40, 10, 5, 15, 15),
(105, 41, 0, -5, -5, -5),
(105, 42, 0, 5, 5, 5),
(105, 43, 0, -5, -5, -5),
(105, 44, 0, -5, -5, -5),
(105, 45, 0, -5, -5, -5),
(105, 46, 0, 5, 5, 5),
(105, 47, 10, -5, 5, 5),
(105, 48, 10, 0, 10, 10),
(105, 49, 0, 5, 5, 5),
(105, 64, 0, 5, 5, 5),
(105, 65, 0, 5, 5, 5),
(105, 66, 0, 5, 5, 5),
(105, 67, 10, 5, 15, 15),
(105, 68, 0, 0, 0, 0),
(105, 69, 10, 0, 10, 10),
(105, 70, 0, 5, 5, 5),
(105, 71, 0, 5, 5, 5),
(105, 72, 10, -20, -10, -10),
(106, 1, 0, 5, 5, 5),
(106, 2, 0, -5, -5, -5),
(106, 3, 0, 5, 5, 5),
(106, 4, 0, 5, 5, 5),
(106, 5, 10, 5, 15, 15),
(106, 6, 0, 5, 5, 5),
(106, 7, 10, 5, 15, 15),
(106, 8, 0, 20, 20, 20),
(106, 9, 0, 5, 5, 5),
(106, 10, 0, 5, 5, 5),
(106, 11, 10, 0, 10, 10),
(106, 12, 0, 0, 0, 0),
(106, 13, 10, 0, 10, 10),
(106, 14, 0, 5, 5, 5),
(106, 15, 10, 0, 10, 10),
(106, 16, 0, 0, 0, 0),
(106, 17, 10, 0, 10, 10),
(106, 18, 0, 0, 0, 0),
(106, 19, 10, 0, 10, 10),
(106, 20, 10, 5, 15, 15),
(106, 21, 10, 0, 10, 10),
(106, 22, 10, 5, 15, 15),
(106, 23, 10, 0, 10, 10),
(106, 24, 0, 5, 5, 5),
(106, 25, 10, 0, 10, 10),
(106, 26, 10, -5, 5, 5),
(106, 27, 10, -5, 5, 5),
(106, 28, 0, 0, 0, 0),
(106, 30, 10, -5, 5, 5),
(106, 31, 0, 0, 0, 0),
(106, 32, 10, 5, 15, 15),
(106, 33, 0, -5, -5, -5),
(106, 34, 0, -5, -5, -5),
(106, 35, 10, 5, 15, 15),
(106, 36, 0, 5, 5, 5),
(106, 37, 10, 5, 15, 15),
(106, 38, 10, -5, 5, 5),
(106, 39, 10, -20, -10, -10),
(106, 40, 0, 5, 5, 5),
(106, 42, 0, 0, 0, 1),
(106, 43, 10, 0, 10, 10),
(106, 44, 0, 5, 5, 5),
(106, 45, 10, 5, 15, 15),
(106, 46, 10, 5, 15, 15),
(106, 47, 0, -5, -5, -5),
(106, 48, 0, -20, -20, -20),
(106, 49, 0, 5, 5, 5),
(106, 64, 10, 5, 15, 15),
(106, 65, 0, 5, 5, 5),
(106, 66, 10, -5, 5, 5),
(106, 67, 0, 5, 5, 5),
(106, 68, 10, 5, 15, 15),
(106, 69, 0, 0, 0, 0),
(106, 70, 0, -5, -5, -5),
(106, 71, 0, 5, 5, 5),
(106, 72, 10, -20, -10, -10),
(107, 1, 0, 0, 0, 0),
(107, 2, 10, 0, 10, 10),
(107, 3, 10, -5, 5, 5),
(107, 4, 10, 0, 10, 10),
(107, 5, 10, 0, 10, 10),
(107, 6, 10, 0, 10, 10),
(107, 7, 10, 0, 10, 10),
(107, 8, 0, 0, 0, 0),
(107, 9, 10, 5, 15, 15),
(107, 10, 0, 5, 5, 6),
(107, 11, 0, -5, -5, -5),
(107, 12, 10, -5, 5, 5),
(107, 13, 0, 5, 5, 5),
(107, 14, 0, 5, 5, 5),
(107, 15, 10, 0, 10, 10),
(107, 16, 10, 0, 10, 10),
(107, 17, 0, 0, 0, 0),
(107, 18, 10, 0, 10, 10),
(107, 19, 0, 20, 20, 20),
(107, 20, 0, 0, 0, 0),
(107, 21, 10, 0, 10, 10),
(107, 22, 0, 5, 5, 5),
(107, 23, 10, 0, 10, 10),
(107, 24, 10, 0, 10, 10),
(107, 25, 10, 0, 10, 10),
(107, 26, 10, -5, 5, 5),
(107, 27, 0, 0, 0, 0),
(107, 28, 10, -20, -10, -10),
(107, 30, 0, -5, -5, -5),
(107, 31, 10, 5, 15, 15),
(107, 32, 10, -5, 5, 5),
(107, 33, 0, 5, 5, 5),
(107, 34, 10, 5, 15, 15),
(107, 35, 0, 5, 5, 5),
(107, 36, 10, -5, 5, 5),
(107, 37, 10, -5, 5, 5),
(107, 38, 10, -5, 5, 5),
(107, 39, 10, 20, 30, 30),
(107, 40, 0, 5, 5, 5),
(107, 41, 10, 5, 15, 15),
(107, 42, 10, 5, 15, 15),
(107, 43, 0, -5, -5, -5),
(107, 44, 0, -5, -5, -5),
(107, 45, 10, 5, 15, 15),
(107, 46, 10, 5, 15, 15),
(107, 47, 0, -5, -5, -5),
(107, 48, 10, -20, -10, -10),
(107, 49, 0, 5, 5, 5),
(107, 64, 0, -5, -5, -5),
(107, 65, 10, 5, 15, 15),
(107, 66, 0, -5, -5, -5),
(107, 67, 10, 5, 15, 15),
(107, 68, 10, 5, 15, 15),
(107, 69, 10, -20, -10, -10),
(107, 70, 10, -5, 5, 5),
(107, 71, 10, 5, 15, 15),
(107, 72, 0, 20, 20, 20),
(108, 1, 0, 5, 5, 5),
(108, 2, 0, -5, -5, -5),
(108, 3, 10, -5, 5, 5),
(108, 4, 10, 5, 15, 15),
(108, 5, 10, 5, 15, 15),
(108, 6, 0, 5, 5, 5),
(108, 7, 0, 5, 5, 5),
(108, 8, 10, -20, -10, -10),
(108, 9, 0, 5, 5, 5),
(108, 10, 0, -5, -5, -5),
(108, 11, 0, -5, -5, -5),
(108, 12, 0, 0, 0, 0),
(108, 13, 0, 0, 0, 0),
(108, 14, 10, -5, 5, 5),
(108, 15, 10, -5, 5, 5),
(108, 16, 10, 5, 15, 15),
(108, 17, 0, 5, 5, 5),
(108, 18, 10, -5, 5, 5),
(108, 19, 0, 20, 20, 20),
(108, 20, 10, -5, 5, 5),
(108, 21, 10, 0, 10, 10),
(108, 22, 10, 5, 15, 15),
(108, 23, 0, 5, 5, 5),
(108, 24, 0, -5, -5, -5),
(108, 25, 0, -5, -5, -5),
(108, 26, 10, 0, 10, 10),
(108, 27, 10, -5, 5, 5),
(108, 28, 0, 20, 20, 20),
(108, 30, 10, 0, 10, 10),
(108, 31, 0, 5, 5, 5),
(108, 32, 10, 5, 15, 15),
(108, 33, 0, -5, -5, -5),
(108, 34, 0, 5, 5, 5),
(108, 35, 10, -5, 5, 5),
(108, 36, 0, -5, -5, -5),
(108, 37, 0, -5, -5, -5),
(108, 38, 0, 5, 5, 5),
(108, 39, 10, -20, -10, -10),
(108, 40, 0, -5, -5, -5),
(108, 41, 10, -5, 5, 5),
(108, 42, 0, -5, -5, -5),
(108, 43, 0, 5, 5, 5),
(108, 44, 10, 5, 15, 15),
(108, 45, 10, -5, 5, 5),
(108, 46, 10, -5, 5, 5),
(108, 47, 10, -5, 5, 5),
(108, 48, 10, 20, 30, 30),
(108, 49, 0, -5, -5, -5),
(108, 64, 0, -5, -5, -5),
(108, 65, 0, 5, 5, 5),
(108, 66, 0, -5, -5, -5),
(108, 67, 0, -5, -5, -5),
(108, 68, 0, 5, 5, 5),
(108, 69, 0, -20, -20, -20),
(108, 70, 10, -5, 5, 5),
(108, 71, 0, -5, -5, -5),
(108, 72, 0, -20, -20, -20),
(109, 1, 0, 5, 5, 5),
(109, 2, 0, -5, -5, -5),
(109, 3, 0, 5, 5, 5),
(109, 4, 0, 5, 5, 5),
(109, 5, 10, 5, 15, 15),
(109, 6, 0, 5, 5, 5),
(109, 7, 10, 5, 15, 15),
(109, 8, 0, 20, 20, 20),
(109, 9, 0, 5, 5, 5),
(109, 10, 10, -5, 5, 5),
(109, 11, 0, 5, 5, 5),
(109, 12, 10, -5, 5, 5),
(109, 13, 0, 5, 5, 5),
(109, 14, 0, 5, 5, 5),
(109, 15, 0, 5, 5, 5),
(109, 16, 10, -5, 5, 5),
(109, 17, 0, -5, -5, -5),
(109, 18, 10, -5, 5, 5),
(109, 19, 0, -20, -20, -20),
(109, 20, 10, -5, 5, 5),
(109, 21, 10, 0, 10, 10),
(109, 22, 10, 5, 15, 15),
(109, 23, 0, 5, 5, 5),
(109, 24, 0, 5, 5, 5),
(109, 25, 10, 0, 10, 10),
(109, 26, 10, 5, 15, 15),
(109, 27, 10, -5, 5, 5),
(109, 28, 0, -20, -20, -20),
(109, 30, 0, -5, -5, -5),
(109, 31, 0, 0, 0, 0),
(109, 32, 10, -5, 5, 5),
(109, 33, 10, 0, 10, 10),
(109, 34, 0, 5, 5, 5),
(109, 35, 10, 5, 15, 15),
(109, 36, 0, -5, -5, -5),
(109, 37, 10, -5, 5, 5),
(109, 38, 10, -5, 5, 5),
(109, 39, 10, 20, 30, 30),
(109, 40, 0, 5, 5, 5),
(109, 41, 0, -5, -5, -5),
(109, 42, 0, -5, -5, -5),
(109, 43, 0, 0, 0, 0),
(109, 44, 0, 5, 5, 5),
(109, 45, 10, 5, 15, 15),
(109, 46, 10, 5, 15, 15),
(109, 47, 10, 0, 10, 10),
(109, 48, 0, -20, -20, -20),
(109, 49, 0, 0, 0, 0),
(109, 64, 10, -5, 5, 5),
(109, 65, 0, 5, 5, 5),
(109, 66, 0, -5, -5, -5),
(109, 67, 10, -5, 5, 5),
(109, 68, 10, 5, 15, 15),
(109, 69, 0, -20, -20, -20),
(109, 70, 10, 5, 15, 15),
(109, 71, 0, -5, -5, -5),
(109, 72, 0, -20, -20, -20),
(110, 1, 0, 5, 5, 5),
(110, 2, 0, 5, 5, 5),
(110, 3, 10, 0, 10, 10),
(110, 4, 10, 5, 15, 15),
(110, 5, 10, 5, 15, 15),
(110, 6, 10, 5, 15, 15),
(110, 7, 10, 5, 15, 15),
(110, 8, 0, -20, -20, -20),
(110, 9, 10, -5, 5, 5),
(110, 10, 10, 5, 15, 15),
(110, 11, 0, 5, 5, 5),
(110, 12, 10, -5, 5, 5),
(110, 13, 0, 5, 5, 5),
(110, 14, 10, 5, 15, 15),
(110, 15, 10, 0, 10, 10),
(110, 16, 10, 5, 15, 15),
(110, 17, 10, 5, 15, 15),
(110, 18, 10, 5, 15, 15),
(110, 19, 10, -20, -10, -10),
(110, 20, 10, 5, 15, 15),
(110, 21, 10, -5, 5, 5),
(110, 22, 10, -5, 5, 5),
(110, 23, 0, 5, 5, 5),
(110, 24, 0, 5, 5, 5),
(110, 25, 10, 0, 10, 10),
(110, 26, 10, -5, 5, 5),
(110, 27, 10, 5, 15, 15),
(110, 28, 0, -20, -20, -20),
(110, 30, 0, 5, 5, 5),
(110, 31, 0, 5, 5, 5),
(110, 32, 10, 5, 15, 15),
(110, 33, 0, 0, 0, 0),
(110, 34, 10, 5, 15, 15),
(110, 35, 10, 5, 15, 15),
(110, 36, 10, -5, 5, 5),
(110, 37, 10, -5, 5, 5),
(110, 38, 10, 0, 10, 10),
(110, 39, 10, 0, 10, 10),
(110, 40, 10, 5, 15, 15),
(110, 41, 0, -5, -5, -5),
(110, 42, 0, 5, 5, 6),
(110, 43, 10, 5, 15, 15),
(110, 44, 0, -5, -5, -5),
(110, 45, 10, 5, 15, 15),
(110, 46, 10, 5, 15, 15),
(110, 47, 0, -5, -5, -5),
(110, 48, 10, 0, 10, 10),
(110, 49, 0, 5, 5, 5),
(110, 64, 0, 5, 5, 5),
(110, 65, 0, 5, 5, 5),
(110, 66, 0, 5, 5, 5),
(110, 67, 10, 0, 10, 10),
(110, 68, 0, 5, 5, 5),
(110, 69, 10, 20, 30, 30),
(110, 70, 0, -5, -5, -5),
(110, 71, 0, -5, -5, -5),
(110, 72, 0, -20, -20, -20);

-- --------------------------------------------------------

--
-- Table structure for table `teams`
--

CREATE TABLE `teams` (
  `id` int(11) NOT NULL,
  `name` varchar(255) NOT NULL,
  `shortname` varchar(255) NOT NULL
) ENGINE=InnoDB DEFAULT CHARSET=latin1;

--
-- Dumping data for table `teams`
--

INSERT INTO `teams` (`id`, `name`, `shortname`) VALUES
(1, 'Delhi Daredevils', 'DD'),
(2, 'Mumbai Indians', 'MI'),
(3, 'Gujarat Lions', 'GL'),
(4, 'Kolkata Knight Riders', 'KKR'),
(5, 'Royal Challengers Bangalore', 'RCB'),
(6, 'Kings XI Punjab', 'KXIP'),
(7, 'Sunrisers Hyderabad', 'SRH'),
(8, 'Rising Pune Supergiants', 'RPS');

-- --------------------------------------------------------

--
-- Table structure for table `users`
--

CREATE TABLE `users` (
  `id` int(3) NOT NULL,
  `fname` varchar(255) NOT NULL,
  `lname` varchar(255) NOT NULL,
  `email` varchar(255) NOT NULL,
  `token` varchar(255) NOT NULL,
  `password` varchar(255) NOT NULL,
  `status` tinyint(1) NOT NULL DEFAULT '0',
  `isadmin` tinyint(1) NOT NULL DEFAULT '0',
  `dtcreated` timestamp NOT NULL DEFAULT CURRENT_TIMESTAMP
) ENGINE=InnoDB DEFAULT CHARSET=latin1;

--
-- Dumping data for table `users`
--

INSERT INTO `users` (`id`, `fname`, `lname`, `email`, `token`, `password`, `status`, `isadmin`, `dtcreated`) VALUES
(80, 'Sxxxt', 'Mxxxn', 'sxxxt.mxxxn@mastek.com', '62ddc468da0ef3fd5be02674e88e35eb9ee127dab14b44d1a2de852e5aa0ffea', '$2y$10$oe4c/epOk6yrjCyKUnPiC.a40t30j8RDHEMJGJzXZLAxqTTvm.jsG', 0, 0, '2017-03-29 15:51:12'),
(82, 'Nxxxl', 'Pxxxi', 'nxxx.pxxx@mastek.com', 'cc9da3d35298094288ed915102a49f1fbcdff064cbf3ed99441b3c78568a208c', '$2y$10$Xv1GL4Swd7gt8y4kXOc6sOIhQ8BvJ1RshNzBhsZx296yFfJN6Gal2', 0, 0, '2017-03-30 04:11:06'),
(83, 'Axxxx', 'Rxxxxl', 'axxx.rxxx@mastek.com', '15438e417fc80c8087e1e621eeb071d6929ec193f84a72b6580f8479b18dc90f', '$2y$10$CGhPaKTE9hTwQ.N23dCj7u3/mRsh7r/KacHDuTbQ4PNfFCKNCwhGi', 0, 0, '2017-03-30 04:39:01'),
(84, 'Gxxxav', 'Pxxxar', 'gxxx.pxxx@mastek.com', '2ab4842e0e0a6ad99dd6f5ef317216fa78338288ada25fc159dcc2ffcc85771d', '$2y$10$ts/YXA4PHGBfX8Gho2vofOxql4TeqDO.ChS.v0Dfc1Q5f5IAwMvea', 0, 0, '2017-03-30 04:40:18'),
(85, 'Dxxxk', 'Nxxxk', 'dexxx.nxxx@mastek.com', '786ff8766a9593175183b0832a3f9a3fc48820b6d9377c3a45dd25adff05676a', '$2y$10$PKddA8yZiMRmxwVT6X3Li.w/SsalmjbcVRVKSCGBQMQjylxbhBORu', 0, 0, '2017-03-30 04:41:23'),
(86, 'rxxxh', 'kxxxr', 'raxxx.kxxx@mastek.com', 'b8cd103a336620f0265952ece9d4756681bf7146ec7a05f285c3c9a5ecadaa05', '$2y$10$tj29gVcNjsmckP3yGfdUZu./Nb8d3AVbZoEgL3R/ohMXShu30YtKq', 0, 0, '2017-03-30 04:45:55'),
(87, 'Vxxxl', 'Rxxxy', 'Vxxxl.Rxxxy@mastek.com', '04e97cce846a1acf1a0a7e08204e8e9c7cc4c0484c28c904e17969d8001a8828', '$2y$10$Ec1mc2M4Qw32Y.HBaDHbo.3j0t8pz4n1lvlJsDZbC5BjSbYk2lmKi', 0, 0, '2017-03-30 04:59:06'),
(88, 'Mxxxh', 'Sxxxa', 'mxxxh.sxxxa@mastek.com', '1ca673d5d83ca0638bcc41e652c7c4cf685f4fc3cea94a932f82b3d45c69badc', '$2y$10$7r2yp9vEK6KGQ2TAoHD9q.LsyguhebELAKzbdxqahEcuR8NBXquz6', 0, 0, '2017-03-30 05:03:23'),
(89, 'Sxxxn', 'Sxxxy', 'sxxxn.sxxxy@mastek.com', '5bb5bfcee213412244725d5e125e46c721c266216a77d53650fb8e5d47e977fb', '$2y$10$g5WLw9odSpeNIzVnurTtLOQOzQAJPhzRKnDcWB8V3Yhgf/V7fvfIy', 0, 0, '2017-03-30 05:12:53'),
(90, 'Kxxxh', 'Pxxxr', 'kxxxh.pxxxr@mastek.com', '8657413d9e82331bc9f8e80a540bbbbf408817554aa9a9127b9922ff48b881e5', '$2y$10$b.FV2QiL1bWWSFJTeO3EluSVqAHCB0C2.Tz5Qt0vCnV2S1aUP02g.', 0, 0, '2017-03-30 05:29:49'),
(91, 'Axxxa', 'Pxxxl', 'axxx@mastek.com', '241199c1e3354589d5a53e2b2d1f9d2d5c4791887c8add2463bc4680db102d1c', '$2y$10$GWUnlTLAGkpEkeIwh43EguFAukR2J9YM8rE9RfImogCe.zF.Nu0ru', 0, 0, '2017-03-30 05:41:18'),
(92, 'Sxxxh', 'Kxxxd', 'sxxxh.kxxxd@mastek.com', 'ddacdc5a587137711549bf52b8d4112885060c342ec9121f6f4f2a3e6c7ab28a', '$2y$10$s5YXlZVLC/PvYCLtN9mLxe2t7GLx.4UfNK7jCZ7Z64XJAkbLSZtRu', 0, 0, '2017-03-30 05:53:01'),
(93, 'Vxxxy', 'Sxxxe', 'vxxxy.sxxxe@mastek.com', 'db5ad9366a2c7d21c37b6f999974350a26342a5808cf6ab802109dea1e50c4b9', '$2y$10$TVkea1HSTrE5d77Nv5p33ue2CCfZLdHEc3xEbBUNLL6.ZhGxu0oeC', 0, 0, '2017-03-30 06:06:25'),
(94, 'Axxxr', 'Rxxxn', 'axxxr.rxxxn@mastek.com', '4c95afaf0637fc18c4f673ee0287f7075323f7a21f31b03ccb44237dcd857905', '$2y$10$The711NmbwzzU6fyMwTut.vd.xCmpGWtOL6Uu9CxGQhPyWP6gbseK', 0, 0, '2017-03-30 07:54:55'),
(95, 'Axxxt', 'Bxxxr', 'Axxx.Bxxx@mastek.com', '1b1ddf4def03e8d8eeeca720d5a3b396ac2b104a363f91a93920d39466ebd3cb', '$2y$10$1BFvIs9/IHL3fjFKVDGbRev0cGpryNciPteGRncyjUosJr8JAkhsu', 0, 0, '2017-03-30 07:58:18'),
(96, 'Txxxn', 'Pxxxn', 'txxxn.pxxxn@mastek.com', 'f8382407d5002e4eac72b0a73dc93545fffdb0c7d19f88dd326c49434fc85401', '$2y$10$ETJYZVuKvnRXutoVusOVIeATu1yUoS4aQyHxW78fy.fY2C8D0N/6O', 0, 0, '2017-03-30 11:28:05'),
(97, 'Sxxxh', 'Bxxxr', 'sxxxh.bxxxr@mastek.com', 'bd8f1847a8cb773dc3ff093819f08991300f60e0679cb525449d10e341c1036d', '$2y$10$yTiOrhhvH9YqS4/Jz9prq.x8rYakYmn8IpUPPuM7nZKevWoJ7QSha', 0, 0, '2017-03-31 04:20:32'),
(99, 'Bxxxm', 'Axxxa', 'Bxxxm.Axxxa@mastek.com', '8159318cf9d0f02aaff11fdab0953f2f087694d20c03a1a2b65d3c91f2bce7cd', '$2y$10$SId4kLxmTSDkSua9lbKVTO.mVIYHx9SeK0fAQJqMqYxvBJudQyvE6', 0, 0, '2017-03-31 06:46:41'),
(100, 'Rxxxi', 'Cxxxe', 'rxxxi.kxxx@mastek.com', '78198a457d5d372c2d380dcf4d26160ddc463bb9f01b10bb12dd4967323c4dc4', '$2y$10$xuC13IxS6N..Td/lz3rwC.DegwJo.i99cH2ofE7Zr9EdLkLd.ZjvK', 0, 0, '2017-03-31 06:46:57'),
(101, 'Sxxxi', 'Dxxxi', 'Sxxx.Dxxxi@mastek.com', 'c1bf586defdc17f5f7ccb4cc8f012c68601e271167271dfe0fc4fcbca69ed22f', '$2y$10$7pd7jnrlwJEj/2PWBzNCHO8Rz3PxT6xlZFnRXWMrASVV1mHlXbyaO', 0, 0, '2017-03-31 06:47:11'),
(102, 'Rxxxl', 'Kxxxl', 'Rxxx.Kxxx@mastek.com', '6eeb09ca2e554e2ab9b4ae38d6658115d3eddd9ad6d171e1e0cad7931435cddc', '$2y$10$ml7Cw2OCxuYNrCQKwUwJ/OteGn/SLTaJ14VW5aTKERq0B84qcCK1y', 0, 0, '2017-03-31 08:16:53'),
(103, 'Rxxxa', 'Bxxxa', 'rxxx@mastek.com', '21efb5720f64b0537f143312b64802728f2ab0be6b6b18bff8751cc4aff91b8c', '$2y$10$8QkmJsAtgymv1JPREDfmku3/u3kEmOKM5pLWj7QYQbNYgc1k99cTm', 0, 0, '2017-03-31 08:44:25'),
(104, 'Axxxk', 'Sxxxr', 'axxx_xxxr@live.in', '5a5e97049236ad7471438a09402582b3da9998bc49251d59ab7ed41a2b0899b6', '$2y$10$fJUNb0p0I6eC2qO9jXSy9.G6OcuKkAhQBvf0mQrhmYqippOH/irCm', 0, 0, '2017-03-31 09:09:32'),
(105, 'Rxxxr', 'Axxxl', 'rxxx.axxx@mastek.com', '7896c65c2b6f2ba87474c4f3fdffa62bf2a6d52e04cede6d39d1d2cc75f41efa', '$2y$10$ETJYZVuKvnRXutoVusOVIeATu1yUoS4aQyHxW78fy.fY2C8D0N/6O', 0, 0, '2017-03-31 09:43:34'),
(106, 'Bxxxa', 'Pxxxl', 'Bxxx.Pxxxl@mastek.com', '9d9fddb82b781014844487fb1434862b975cc953d5d168b1e3e42c7dd640fe05', '$2y$10$vulTMGqDubWyyYplQiJ4TODUzhBJo0UnCY85sStypK1Pv03g1qycG', 0, 0, '2017-03-31 09:45:55'),
(107, 'Pxxxm', 'Rxxxy', 'pxxxxxxm@mastek.com', 'b1d71616714f41190eeb4b667ccef354ab81a1a48f76b4357f6e2bdf1b5725a1', '$2y$10$GWRnsb.mFDbfxS.RcwGyaeXwB7bzu4AMJEIpoFj4i7s0pCvNG8OvK', 0, 0, '2017-03-31 09:50:33'),
(108, 'Axxxn', 'Sxxxr', 'axxx.sxxxr@mastek.com', '132b1b9fd1496ce1bc87665fa788268a732c1fd35c93a955cfb13aee1cbbc852', '$2y$10$mW0oz1tfeI7/RVrhwpvJD.JnhY7DFYfmfJsOPrnGWNfadavdp46yi', 0, 0, '2017-03-31 10:02:57'),
(109, 'Vxxxy', 'Jxxxv', 'vxxxy.jxxxv@mastek.com', '9e7285a79aab1296ca4d5e83f4dab692f4ef9a5027d9730de9ddba37080f8c7b', '$2y$10$kHZXt.a.kDrTQZzheueNVuhJpR0QRl1WyY/PRrlRCGAScTpqp.qEO', 0, 0, '2017-03-31 10:17:33'),
(110, 'Nxxxj', 'jxxxn', 'nxxxx2xx@gmail.com', 'b4c5ffc3fe19a71a3259a8364b8f32fa7e89d47403bf8eb9009b159606dd6e66', '$2y$10$WEseovn1MxDfPzJLRX9nu.EncHeuVnMH7zjUHL54LZhigGR6elTDi', 0, 0, '2017-03-31 10:22:15');

--
-- Indexes for dumped tables
--

--
-- Indexes for table `amount`
--
ALTER TABLE `amount`
  ADD UNIQUE KEY `userid` (`userid`,`week`);

--
-- Indexes for table `matches`
--
ALTER TABLE `matches`
  ADD PRIMARY KEY (`id`),
  ADD KEY `team1` (`team1`),
  ADD KEY `team2` (`team2`),
  ADD KEY `stadium` (`stadium`);

--
-- Indexes for table `predictions`
--
ALTER TABLE `predictions`
  ADD UNIQUE KEY `userid` (`userid`,`matchid`),
  ADD UNIQUE KEY `userid_2` (`userid`,`matchid`),
  ADD UNIQUE KEY `userid_3` (`userid`,`matchid`),
  ADD UNIQUE KEY `userid_4` (`userid`,`matchid`),
  ADD UNIQUE KEY `userid_5` (`userid`,`matchid`),
  ADD UNIQUE KEY `userid_6` (`userid`,`matchid`),
  ADD UNIQUE KEY `userid_7` (`userid`,`matchid`),
  ADD KEY `team` (`teamid`),
  ADD KEY `matchid` (`matchid`);

--
-- Indexes for table `results`
--
ALTER TABLE `results`
  ADD UNIQUE KEY `mid` (`mid`),
  ADD KEY `mresult` (`mresult`);

--
-- Indexes for table `stadiums`
--
ALTER TABLE `stadiums`
  ADD PRIMARY KEY (`id`);

--
-- Indexes for table `standings`
--
ALTER TABLE `standings`
  ADD UNIQUE KEY `userid` (`userid`,`mid`);

--
-- Indexes for table `teams`
--
ALTER TABLE `teams`
  ADD PRIMARY KEY (`id`);

--
-- Indexes for table `users`
--
ALTER TABLE `users`
  ADD PRIMARY KEY (`id`),
  ADD UNIQUE KEY `email` (`email`);

--
-- AUTO_INCREMENT for dumped tables
--

--
-- AUTO_INCREMENT for table `matches`
--
ALTER TABLE `matches`
  MODIFY `id` int(11) NOT NULL AUTO_INCREMENT, AUTO_INCREMENT=76;
--
-- AUTO_INCREMENT for table `stadiums`
--
ALTER TABLE `stadiums`
  MODIFY `id` int(11) NOT NULL AUTO_INCREMENT, AUTO_INCREMENT=13;
--
-- AUTO_INCREMENT for table `teams`
--
ALTER TABLE `teams`
  MODIFY `id` int(11) NOT NULL AUTO_INCREMENT, AUTO_INCREMENT=9;
--
-- AUTO_INCREMENT for table `users`
--
ALTER TABLE `users`
  MODIFY `id` int(3) NOT NULL AUTO_INCREMENT, AUTO_INCREMENT=111;
--
-- Constraints for dumped tables
--

--
-- Constraints for table `matches`
--
ALTER TABLE `matches`
  ADD CONSTRAINT `matches_ibfk_1` FOREIGN KEY (`team1`) REFERENCES `teams` (`id`) ON UPDATE CASCADE,
  ADD CONSTRAINT `matches_ibfk_2` FOREIGN KEY (`team2`) REFERENCES `teams` (`id`) ON UPDATE CASCADE,
  ADD CONSTRAINT `matches_ibfk_3` FOREIGN KEY (`stadium`) REFERENCES `stadiums` (`id`) ON UPDATE CASCADE;

--
-- Constraints for table `predictions`
--
ALTER TABLE `predictions`
  ADD CONSTRAINT `predictions_ibfk_1` FOREIGN KEY (`userid`) REFERENCES `users` (`id`) ON UPDATE CASCADE,
  ADD CONSTRAINT `predictions_ibfk_2` FOREIGN KEY (`matchid`) REFERENCES `matches` (`id`) ON UPDATE CASCADE,
  ADD CONSTRAINT `predictions_ibfk_3` FOREIGN KEY (`teamid`) REFERENCES `teams` (`id`) ON UPDATE CASCADE;

--
-- Constraints for table `results`
--
ALTER TABLE `results`
  ADD CONSTRAINT `results_ibfk_1` FOREIGN KEY (`mid`) REFERENCES `matches` (`id`) ON UPDATE CASCADE,
  ADD CONSTRAINT `results_ibfk_2` FOREIGN KEY (`mresult`) REFERENCES `teams` (`id`) ON UPDATE CASCADE;

/*!40101 SET CHARACTER_SET_CLIENT=@OLD_CHARACTER_SET_CLIENT */;
/*!40101 SET CHARACTER_SET_RESULTS=@OLD_CHARACTER_SET_RESULTS */;
/*!40101 SET COLLATION_CONNECTION=@OLD_COLLATION_CONNECTION */;
